{
	"credit": "Made with Blockbench",
	"textures": {
		"3": "item/carrot_on_a_stick/earth_wand/rock",
		"particle": "item/carrot_on_a_stick/earth_wand/rock"
	},
	"elements": [
		{
			"from": [7, 5.68327, -3.67827],
			"to": [9, 7.68327, -0.67827],
			"rotation": {"angle": -22.5, "axis": "x", "origin": [8.08333, 29.68327, 7.94673]},
			"faces": {
				"north": {"uv": [0, 0, 2, 2], "texture": "#3"},
				"east": {"uv": [0, 0, 3, 2], "texture": "#3"},
				"south": {"uv": [0, 0, 2, 2], "texture": "#3"},
				"west": {"uv": [0, 0, 3, 2], "texture": "#3"},
				"up": {"uv": [2, 3, 0, 0], "texture": "#3"},
				"down": {"uv": [2, 0, 0, 3], "texture": "#3"}
			}
		},
		{
			"from": [7, 7.68327, -3.67827],
			"to": [8, 8.68327, -1.67827],
			"rotation": {"angle": -22.5, "axis": "x", "origin": [8.08333, 29.68327, 7.94673]},
			"faces": {
				"north": {"uv": [0, 0, 1, 1], "texture": "#3"},
				"east": {"uv": [0, 0, 2, 1], "texture": "#3"},
				"south": {"uv": [0, 0, 1, 1], "texture": "#3"},
				"west": {"uv": [0, 0, 2, 1], "texture": "#3"},
				"up": {"uv": [1, 2, 0, 0], "texture": "#3"},
				"down": {"uv": [1, 0, 0, 2], "texture": "#3"}
			}
		},
		{
			"from": [6, 6.68327, -3.67827],
			"to": [7, 7.68327, -1.67827],
			"rotation": {"angle": -22.5, "axis": "x", "origin": [8.08333, 29.68327, 7.94673]},
			"faces": {
				"north": {"uv": [0, 0, 1, 1], "texture": "#3"},
				"east": {"uv": [0, 0, 2, 1], "texture": "#3"},
				"south": {"uv": [0, 0, 1, 1], "texture": "#3"},
				"west": {"uv": [0, 0, 2, 1], "texture": "#3"},
				"up": {"uv": [1, 2, 0, 0], "texture": "#3"},
				"down": {"uv": [1, 0, 0, 2], "texture": "#3"}
			}
		},
		{
			"from": [8, 4.68327, -3.67827],
			"to": [9, 5.68327, -1.67827],
			"rotation": {"angle": -22.5, "axis": "x", "origin": [8.08333, 29.68327, 7.94673]},
			"faces": {
				"north": {"uv": [0, 0, 1, 1], "texture": "#3"},
				"east": {"uv": [0, 0, 2, 1], "texture": "#3"},
				"south": {"uv": [0, 0, 1, 1], "texture": "#3"},
				"west": {"uv": [0, 0, 2, 1], "texture": "#3"},
				"up": {"uv": [1, 2, 0, 0], "texture": "#3"},
				"down": {"uv": [1, 0, 0, 2], "texture": "#3"}
			}
		},
		{
			"from": [6, 5.68327, -1.67827],
			"to": [7, 6.68327, -0.67827],
			"rotation": {"angle": -22.5, "axis": "x", "origin": [8.08333, 29.68327, 7.94673]},
			"faces": {
				"north": {"uv": [0, 0, 1, 1], "texture": "#3"},
				"east": {"uv": [0, 0, 1, 1], "texture": "#3"},
				"south": {"uv": [0, 0, 1, 1], "texture": "#3"},
				"west": {"uv": [0, 0, 1, 1], "texture": "#3"},
				"up": {"uv": [1, 1, 0, 0], "texture": "#3"},
				"down": {"uv": [1, 0, 0, 1], "texture": "#3"}
			}
		},
		{
			"from": [7, 4.68327, -2.67827],
			"to": [8, 5.68327, -0.67827],
			"rotation": {"angle": -22.5, "axis": "x", "origin": [8.08333, 29.68327, 7.94673]},
			"faces": {
				"north": {"uv": [0, 0, 1, 1], "texture": "#3"},
				"east": {"uv": [0, 0, 2, 1], "texture": "#3"},
				"south": {"uv": [0, 0, 1, 1], "texture": "#3"},
				"west": {"uv": [0, 0, 2, 1], "texture": "#3"},
				"up": {"uv": [1, 2, 0, 0], "texture": "#3"},
				"down": {"uv": [1, 0, 0, 2], "texture": "#3"}
			}
		},
		{
			"from": [9, 5.68327, -2.67827],
			"to": [10, 6.68327, -0.67827],
			"rotation": {"angle": -22.5, "axis": "x", "origin": [8.08333, 29.68327, 7.94673]},
			"faces": {
				"north": {"uv": [0, 0, 1, 1], "texture": "#3"},
				"east": {"uv": [0, 0, 2, 1], "texture": "#3"},
				"south": {"uv": [0, 0, 1, 1], "texture": "#3"},
				"west": {"uv": [0, 0, 2, 1], "texture": "#3"},
				"up": {"uv": [1, 2, 0, 0], "texture": "#3"},
				"down": {"uv": [1, 0, 0, 2], "texture": "#3"}
			}
		},
		{
			"from": [9, 6.68327, -2.67827],
			"to": [10, 7.68327, -1.67827],
			"rotation": {"angle": -22.5, "axis": "x", "origin": [8.08333, 29.68327, 7.94673]},
			"faces": {
				"north": {"uv": [0, 0, 1, 1], "texture": "#3"},
				"east": {"uv": [0, 0, 1, 1], "texture": "#3"},
				"south": {"uv": [0, 0, 1, 1], "texture": "#3"},
				"west": {"uv": [0, 0, 1, 1], "texture": "#3"},
				"up": {"uv": [1, 1, 0, 0], "texture": "#3"},
				"down": {"uv": [1, 0, 0, 1], "texture": "#3"}
			}
		},
		{
			"from": [7, 5.68327, -0.67827],
			"to": [9, 6.68327, 0.32173],
			"rotation": {"angle": -22.5, "axis": "x", "origin": [8.08333, 29.68327, 7.94673]},
			"faces": {
				"north": {"uv": [0, 0, 2, 1], "texture": "#3"},
				"east": {"uv": [0, 0, 1, 1], "texture": "#3"},
				"south": {"uv": [0, 0, 2, 1], "texture": "#3"},
				"west": {"uv": [0, 0, 1, 1], "texture": "#3"},
				"up": {"uv": [2, 1, 0, 0], "texture": "#3"},
				"down": {"uv": [2, 0, 0, 1], "texture": "#3"}
			}
		},
		{
			"from": [8, 6.68327, -0.67827],
			"to": [9, 7.68327, 0.32173],
			"rotation": {"angle": -22.5, "axis": "x", "origin": [8.08333, 29.68327, 7.94673]},
			"faces": {
				"north": {"uv": [0, 0, 2, 1], "texture": "#3"},
				"east": {"uv": [0, 0, 1, 1], "texture": "#3"},
				"south": {"uv": [0, 0, 2, 1], "texture": "#3"},
				"west": {"uv": [0, 0, 1, 1], "texture": "#3"},
				"up": {"uv": [2, 1, 0, 0], "texture": "#3"},
				"down": {"uv": [2, 0, 0, 1], "texture": "#3"}
			}
		},
		{
			"from": [8, 7.68327, -3.67827],
			"to": [9, 8.68327, -2.67827],
			"rotation": {"angle": -22.5, "axis": "x", "origin": [8.08333, 29.68327, 7.94673]},
			"faces": {
				"north": {"uv": [0, 0, 1, 1], "texture": "#3"},
				"east": {"uv": [0, 0, 1, 1], "texture": "#3"},
				"south": {"uv": [0, 0, 1, 1], "texture": "#3"},
				"west": {"uv": [0, 0, 1, 1], "texture": "#3"},
				"up": {"uv": [1, 1, 0, 0], "texture": "#3"},
				"down": {"uv": [1, 0, 0, 1], "texture": "#3"}
			}
		},
		{
			"from": [8, 5.68327, -4.67827],
			"to": [9, 7.68327, -3.67827],
			"rotation": {"angle": -22.5, "axis": "x", "origin": [8.08333, 29.68327, 7.94673]},
			"faces": {
				"north": {"uv": [0, 0, 1, 2], "texture": "#3"},
				"east": {"uv": [0, 0, 1, 2], "texture": "#3"},
				"south": {"uv": [0, 0, 1, 2], "texture": "#3"},
				"west": {"uv": [0, 0, 1, 2], "texture": "#3"},
				"up": {"uv": [1, 1, 0, 0], "texture": "#3"},
				"down": {"uv": [1, 0, 0, 1], "texture": "#3"}
			}
		}
	],
	"display": {
		"thirdperson_righthand": {
			"translation": [0, 3.75, 1.5]
		},
		"thirdperson_lefthand": {
			"translation": [0, 3.75, 1.5]
		},
		"firstperson_righthand": {
			"rotation": [-8, 0, 0],
			"translation": [2, 5.75, 0]
		},
		"firstperson_lefthand": {
			"rotation": [-8, 0, 0],
			"translation": [2, 5.75, 0]
		},
		"ground": {
			"rotation": [0, 0, 90],
			"translation": [-3.75, -3, 0]
		},
		"gui": {
			"rotation": [0, 90, 0],
			"translation": [1.75, 11, 0],
			"scale": [3, 3, 3]
		},
		"head": {
			"translation": [-0.75, 18.5, 7.5],
			"scale": [4, 4, 4]
		},
		"fixed": {
			"rotation": [0, 90, 0],
			"translation": [1.5, 11, -2.25],
			"scale": [3, 3, 3]
		}
	},
	"groups": [
		{
			"name": "Rock",
			"origin": [8, 8, 8],
			"color": 0,
			"children": [0, 1, 2, 3, 4, 5, 6, 7, 8, 9, 10, 11]
		}
	]
}