{
	"parent": "item/handheld",
	"textures": {
		"layer0": "item/dried_kelp"
	},
	
	"overrides": [
		{"predicate": {"custom_model_data":1}, "model": "block/wandtable"},
		{"predicate": {"custom_model_data":2}, "model": "block/PickaxeUpgrader"},
		{"predicate": {"custom_model_data":3}, "model": "block/SSC"},
		{"predicate": {"custom_model_data":4}, "model": "block/advanced_crafting_table"},
		{"predicate": {"custom_model_data":5}, "model": "block/cooking_pot"},
		{"predicate": {"custom_model_data":6}, "model": "block/cooking_pot_water"},
		{"predicate": {"custom_model_data":7}, "model": "block/cooking_pot_beetroot"},
		{"predicate": {"custom_model_data":8}, "model": "block/cooking_pot_mushroom"},
		{"predicate": {"custom_model_data":9}, "model": "block/cooking_pot_beetroot_mushroom"},
		{"predicate": {"custom_model_data":10}, "model": "block/end_enchanter"},
		{"predicate": {"custom_model_data":11}, "model": "block/kohi_portal"},
		{"predicate": {"custom_model_data":12}, "model": "block/kohi_portal_frame"},
		{"predicate": {"custom_model_data":13}, "model": "block/kohi_portal_frame_with_eye"}
	
	]
}