{
	"credit": "Made with Blockbench",
	"texture_size": [32, 32],
	"textures": {
		"0": "item/carrot_on_a_stick/fire_wand/fire",
		"1": "item/carrot_on_a_stick/fire_wand/fire_holder",
		"2": "item/carrot_on_a_stick/fire_wand/handle",
		"particle": "item/carrot_on_a_stick/fire_wand/fire"
	},

	"elements": [
		{
			"from": [7, 11, 0],
			"to": [9, 12, 1],
			"rotation": {"angle": 45, "axis": "x", "origin": [0, 0, 0]},
			"faces": {
				"north": {"uv": [3, 4, 4, 4.5], "texture": "#2"},
				"east": {"uv": [1, 2, 1.5, 2.5], "texture": "#2"},
				"south": {"uv": [4, 3, 5, 3.5], "texture": "#2"},
				"west": {"uv": [1, 2.5, 1.5, 3], "texture": "#2"},
				"up": {"uv": [5, 4, 4, 3.5], "texture": "#2"},
				"down": {"uv": [5, 4, 4, 4.5], "texture": "#2"}
			}
		},
		{
			"from": [7, 12, 0],
			"to": [9, 13, 1],
			"rotation": {"angle": 45, "axis": "x", "origin": [0, 0, 0]},
			"faces": {
				"north": {"uv": [4.5, 0, 5.5, 0.5], "texture": "#2"},
				"east": {"uv": [9.5, 0.5, 10, 1], "texture": "#2"},
				"south": {"uv": [4.5, 0.5, 5.5, 1], "texture": "#2"},
				"west": {"uv": [1, 9.5, 1.5, 10], "texture": "#2"},
				"up": {"uv": [5.5, 1.5, 4.5, 1], "texture": "#2"},
				"down": {"uv": [5.5, 1.5, 4.5, 2], "texture": "#2"}
			}
		},
		{
			"from": [7, 11, -1],
			"to": [9, 12, 0],
			"rotation": {"angle": 45, "axis": "x", "origin": [0, 0, 0]},
			"faces": {
				"north": {"uv": [4.5, 2, 5.5, 2.5], "texture": "#2"},
				"east": {"uv": [9.5, 1, 10, 1.5], "texture": "#2"},
				"south": {"uv": [4.5, 2.5, 5.5, 3], "texture": "#2"},
				"west": {"uv": [1.5, 9.5, 2, 10], "texture": "#2"},
				"up": {"uv": [4, 5, 3, 4.5], "texture": "#2"},
				"down": {"uv": [5, 4.5, 4, 5], "texture": "#2"}
			}
		},
		{
			"from": [7, 12, -1],
			"to": [9, 13, 0],
			"rotation": {"angle": 45, "axis": "x", "origin": [0, 0, 0]},
			"faces": {
				"north": {"uv": [0, 5, 1, 5.5], "texture": "#2"},
				"east": {"uv": [9.5, 1.5, 10, 2], "texture": "#2"},
				"south": {"uv": [1, 5, 2, 5.5], "texture": "#2"},
				"west": {"uv": [2, 9.5, 2.5, 10], "texture": "#2"},
				"up": {"uv": [3, 5.5, 2, 5], "texture": "#2"},
				"down": {"uv": [4, 5, 3, 5.5], "texture": "#2"}
			}
		},
		{
			"from": [7, 13, -1],
			"to": [9, 14, 0],
			"rotation": {"angle": 45, "axis": "x", "origin": [0, 0, 0]},
			"faces": {
				"north": {"uv": [5, 3, 6, 3.5], "texture": "#2"},
				"east": {"uv": [9.5, 2, 10, 2.5], "texture": "#2"},
				"south": {"uv": [5, 3.5, 6, 4], "texture": "#2"},
				"west": {"uv": [2.5, 9.5, 3, 10], "texture": "#2"},
				"up": {"uv": [5, 5.5, 4, 5], "texture": "#2"},
				"down": {"uv": [6, 4, 5, 4.5], "texture": "#2"}
			}
		},
		{
			"from": [7, 12, -2],
			"to": [9, 13, -1],
			"rotation": {"angle": 45, "axis": "x", "origin": [0, 0, 0]},
			"faces": {
				"north": {"uv": [5, 4.5, 6, 5], "texture": "#2"},
				"east": {"uv": [9.5, 2.5, 10, 3], "texture": "#2"},
				"south": {"uv": [5, 5, 6, 5.5], "texture": "#2"},
				"west": {"uv": [3, 9.5, 3.5, 10], "texture": "#2"},
				"up": {"uv": [1, 6, 0, 5.5], "texture": "#2"},
				"down": {"uv": [6.5, 0, 5.5, 0.5], "texture": "#2"}
			}
		},
		{
			"from": [7, 13, -2],
			"to": [9, 14, -1],
			"rotation": {"angle": 45, "axis": "x", "origin": [0, 0, 0]},
			"faces": {
				"north": {"uv": [5.5, 0.5, 6.5, 1], "texture": "#2"},
				"east": {"uv": [3.5, 9.5, 4, 10], "texture": "#2"},
				"south": {"uv": [1, 5.5, 2, 6], "texture": "#2"},
				"west": {"uv": [4, 9.5, 4.5, 10], "texture": "#2"},
				"up": {"uv": [6.5, 1.5, 5.5, 1], "texture": "#2"},
				"down": {"uv": [6.5, 1.5, 5.5, 2], "texture": "#2"}
			}
		},
		{
			"from": [7, 14, -2],
			"to": [9, 15, -1],
			"rotation": {"angle": 45, "axis": "x", "origin": [0, 0, 0]},
			"faces": {
				"north": {"uv": [2, 5.5, 3, 6], "texture": "#2"},
				"east": {"uv": [4.5, 9.5, 5, 10], "texture": "#2"},
				"south": {"uv": [5.5, 2, 6.5, 2.5], "texture": "#2"},
				"west": {"uv": [5, 9.5, 5.5, 10], "texture": "#2"},
				"up": {"uv": [6.5, 3, 5.5, 2.5], "texture": "#2"},
				"down": {"uv": [4, 5.5, 3, 6], "texture": "#2"}
			}
		},
		{
			"from": [7, 13, -3],
			"to": [9, 14, -2],
			"rotation": {"angle": 45, "axis": "x", "origin": [0, 0, 0]},
			"faces": {
				"north": {"uv": [4, 5.5, 5, 6], "texture": "#2"},
				"east": {"uv": [5.5, 9.5, 6, 10], "texture": "#2"},
				"south": {"uv": [5, 5.5, 6, 6], "texture": "#2"},
				"west": {"uv": [6, 9.5, 6.5, 10], "texture": "#2"},
				"up": {"uv": [1, 6.5, 0, 6], "texture": "#2"},
				"down": {"uv": [2, 6, 1, 6.5], "texture": "#2"}
			}
		},
		{
			"from": [7, 14, -3],
			"to": [9, 15, -2],
			"rotation": {"angle": 45, "axis": "x", "origin": [0, 0, 0]},
			"faces": {
				"north": {"uv": [2, 6, 3, 6.5], "texture": "#2"},
				"east": {"uv": [6.5, 9.5, 7, 10], "texture": "#2"},
				"south": {"uv": [3, 6, 4, 6.5], "texture": "#2"},
				"west": {"uv": [7, 9.5, 7.5, 10], "texture": "#2"},
				"up": {"uv": [7, 3.5, 6, 3], "texture": "#2"},
				"down": {"uv": [7, 3.5, 6, 4], "texture": "#2"}
			}
		},
		{
			"from": [7, 15, -3],
			"to": [9, 16, -2],
			"rotation": {"angle": 45, "axis": "x", "origin": [0, 0, 0]},
			"faces": {
				"north": {"uv": [4, 6, 5, 6.5], "texture": "#2"},
				"east": {"uv": [7.5, 9.5, 8, 10], "texture": "#2"},
				"south": {"uv": [6, 4, 7, 4.5], "texture": "#2"},
				"west": {"uv": [8, 9.5, 8.5, 10], "texture": "#2"},
				"up": {"uv": [7, 5, 6, 4.5], "texture": "#2"},
				"down": {"uv": [6, 6, 5, 6.5], "texture": "#2"}
			}
		},
		{
			"from": [7, 15, -4],
			"to": [9, 16, -3],
			"rotation": {"angle": 45, "axis": "x", "origin": [0, 0, 0]},
			"faces": {
				"north": {"uv": [6, 5, 7, 5.5], "texture": "#2"},
				"east": {"uv": [8.5, 9.5, 9, 10], "texture": "#2"},
				"south": {"uv": [6, 5.5, 7, 6], "texture": "#2"},
				"west": {"uv": [9, 9.5, 9.5, 10], "texture": "#2"},
				"up": {"uv": [7, 6.5, 6, 6], "texture": "#2"},
				"down": {"uv": [1, 6.5, 0, 7], "texture": "#2"}
			}
		},
		{
			"from": [7, 16, -4],
			"to": [9, 17, -3],
			"rotation": {"angle": 45, "axis": "x", "origin": [0, 0, 0]},
			"faces": {
				"north": {"uv": [6.5, 0, 7.5, 0.5], "texture": "#2"},
				"east": {"uv": [9.5, 9.5, 10, 10], "texture": "#2"},
				"south": {"uv": [6.5, 0.5, 7.5, 1], "texture": "#2"},
				"west": {"uv": [0, 10, 0.5, 10.5], "texture": "#2"},
				"up": {"uv": [2, 7, 1, 6.5], "texture": "#2"},
				"down": {"uv": [7.5, 1, 6.5, 1.5], "texture": "#2"}
			}
		},
		{
			"from": [7, 15, -5],
			"to": [9, 16, -4],
			"rotation": {"angle": 45, "axis": "x", "origin": [0, 0, 0]},
			"faces": {
				"north": {"uv": [6.5, 1.5, 7.5, 2], "texture": "#2"},
				"east": {"uv": [0.5, 10, 1, 10.5], "texture": "#2"},
				"south": {"uv": [2, 6.5, 3, 7], "texture": "#2"},
				"west": {"uv": [10, 0.5, 10.5, 1], "texture": "#2"},
				"up": {"uv": [7.5, 2.5, 6.5, 2], "texture": "#2"},
				"down": {"uv": [7.5, 2.5, 6.5, 3], "texture": "#2"}
			}
		},
		{
			"from": [7, 16, -5],
			"to": [9, 17, -4],
			"rotation": {"angle": 45, "axis": "x", "origin": [0, 0, 0]},
			"faces": {
				"north": {"uv": [3, 6.5, 4, 7], "texture": "#2"},
				"east": {"uv": [1, 10, 1.5, 10.5], "texture": "#2"},
				"south": {"uv": [4, 6.5, 5, 7], "texture": "#2"},
				"west": {"uv": [10, 1, 10.5, 1.5], "texture": "#2"},
				"up": {"uv": [6, 7, 5, 6.5], "texture": "#2"},
				"down": {"uv": [7, 6.5, 6, 7], "texture": "#2"}
			}
		},
		{
			"from": [7, 17, -5],
			"to": [9, 18, -4],
			"rotation": {"angle": 45, "axis": "x", "origin": [0, 0, 0]},
			"faces": {
				"north": {"uv": [0, 7, 1, 7.5], "texture": "#2"},
				"east": {"uv": [1.5, 10, 2, 10.5], "texture": "#2"},
				"south": {"uv": [1, 7, 2, 7.5], "texture": "#2"},
				"west": {"uv": [10, 1.5, 10.5, 2], "texture": "#2"},
				"up": {"uv": [3, 7.5, 2, 7], "texture": "#2"},
				"down": {"uv": [4, 7, 3, 7.5], "texture": "#2"}
			}
		},
		{
			"from": [7, 16, -6],
			"to": [9, 17, -5],
			"rotation": {"angle": 45, "axis": "x", "origin": [0, 0, 0]},
			"faces": {
				"north": {"uv": [7, 3, 8, 3.5], "texture": "#2"},
				"east": {"uv": [2, 10, 2.5, 10.5], "texture": "#2"},
				"south": {"uv": [7, 3.5, 8, 4], "texture": "#2"},
				"west": {"uv": [10, 2, 10.5, 2.5], "texture": "#2"},
				"up": {"uv": [5, 7.5, 4, 7], "texture": "#2"},
				"down": {"uv": [8, 4, 7, 4.5], "texture": "#2"}
			}
		},
		{
			"from": [7, 17, -6],
			"to": [9, 18, -5],
			"rotation": {"angle": 45, "axis": "x", "origin": [0, 0, 0]},
			"faces": {
				"north": {"uv": [7, 4.5, 8, 5], "texture": "#2"},
				"east": {"uv": [2.5, 10, 3, 10.5], "texture": "#2"},
				"south": {"uv": [5, 7, 6, 7.5], "texture": "#2"},
				"west": {"uv": [10, 2.5, 10.5, 3], "texture": "#2"},
				"up": {"uv": [8, 5.5, 7, 5], "texture": "#2"},
				"down": {"uv": [8, 5.5, 7, 6], "texture": "#2"}
			}
		},
		{
			"from": [7, 18, -6],
			"to": [9, 19, -5],
			"rotation": {"angle": 45, "axis": "x", "origin": [0, 0, 0]},
			"faces": {
				"north": {"uv": [6, 7, 7, 7.5], "texture": "#2"},
				"east": {"uv": [3, 10, 3.5, 10.5], "texture": "#2"},
				"south": {"uv": [7, 6, 8, 6.5], "texture": "#2"},
				"west": {"uv": [10, 3, 10.5, 3.5], "texture": "#2"},
				"up": {"uv": [8, 7, 7, 6.5], "texture": "#2"},
				"down": {"uv": [8, 7, 7, 7.5], "texture": "#2"}
			}
		},
		{
			"from": [7, 17, -7],
			"to": [9, 18, -6],
			"rotation": {"angle": 45, "axis": "x", "origin": [0, 0, 0]},
			"faces": {
				"north": {"uv": [0, 7.5, 1, 8], "texture": "#2"},
				"east": {"uv": [3.5, 10, 4, 10.5], "texture": "#2"},
				"south": {"uv": [7.5, 0, 8.5, 0.5], "texture": "#2"},
				"west": {"uv": [10, 3.5, 10.5, 4], "texture": "#2"},
				"up": {"uv": [8.5, 1, 7.5, 0.5], "texture": "#2"},
				"down": {"uv": [2, 7.5, 1, 8], "texture": "#2"}
			}
		},
		{
			"from": [7, 18, -7],
			"to": [9, 19, -6],
			"rotation": {"angle": 45, "axis": "x", "origin": [0, 0, 0]},
			"faces": {
				"north": {"uv": [7.5, 1, 8.5, 1.5], "texture": "#2"},
				"east": {"uv": [4, 10, 4.5, 10.5], "texture": "#2"},
				"south": {"uv": [7.5, 1.5, 8.5, 2], "texture": "#2"},
				"west": {"uv": [10, 4, 10.5, 4.5], "texture": "#2"},
				"up": {"uv": [3, 8, 2, 7.5], "texture": "#2"},
				"down": {"uv": [8.5, 2, 7.5, 2.5], "texture": "#2"}
			}
		},
		{
			"from": [7, 19, -7],
			"to": [9, 20, -6],
			"rotation": {"angle": 45, "axis": "x", "origin": [0, 0, 0]},
			"faces": {
				"north": {"uv": [7.5, 2.5, 8.5, 3], "texture": "#2"},
				"east": {"uv": [4.5, 10, 5, 10.5], "texture": "#2"},
				"south": {"uv": [3, 7.5, 4, 8], "texture": "#2"},
				"west": {"uv": [10, 4.5, 10.5, 5], "texture": "#2"},
				"up": {"uv": [5, 8, 4, 7.5], "texture": "#2"},
				"down": {"uv": [6, 7.5, 5, 8], "texture": "#2"}
			}
		},
		{
			"from": [7, 18, -8],
			"to": [9, 19, -7],
			"rotation": {"angle": 45, "axis": "x", "origin": [0, 0, 0]},
			"faces": {
				"north": {"uv": [6, 7.5, 7, 8], "texture": "#2"},
				"east": {"uv": [5, 10, 5.5, 10.5], "texture": "#2"},
				"south": {"uv": [7, 7.5, 8, 8], "texture": "#2"},
				"west": {"uv": [10, 5, 10.5, 5.5], "texture": "#2"},
				"up": {"uv": [1, 8.5, 0, 8], "texture": "#2"},
				"down": {"uv": [2, 8, 1, 8.5], "texture": "#2"}
			}
		},
		{
			"from": [7, 14, -4],
			"to": [9, 15, -3],
			"rotation": {"angle": 45, "axis": "x", "origin": [0, 0, 0]},
			"faces": {
				"north": {"uv": [2, 8, 3, 8.5], "texture": "#2"},
				"east": {"uv": [5.5, 10, 6, 10.5], "texture": "#2"},
				"south": {"uv": [3, 8, 4, 8.5], "texture": "#2"},
				"west": {"uv": [10, 5.5, 10.5, 6], "texture": "#2"},
				"up": {"uv": [9, 3.5, 8, 3], "texture": "#2"},
				"down": {"uv": [9, 3.5, 8, 4], "texture": "#2"}
			}
		},
		{
			"from": [7, 19, -8],
			"to": [9, 20, -7],
			"rotation": {"angle": 45, "axis": "x", "origin": [0, 0, 0]},
			"faces": {
				"north": {"uv": [4, 8, 5, 8.5], "texture": "#2"},
				"east": {"uv": [6, 10, 6.5, 10.5], "texture": "#2"},
				"south": {"uv": [8, 4, 9, 4.5], "texture": "#2"},
				"west": {"uv": [10, 6, 10.5, 6.5], "texture": "#2"},
				"up": {"uv": [9, 5, 8, 4.5], "texture": "#2"},
				"down": {"uv": [6, 8, 5, 8.5], "texture": "#2"}
			}
		},
		{
			"from": [7, 19, -9],
			"to": [9, 20, -8],
			"rotation": {"angle": 45, "axis": "x", "origin": [0, 0, 0]},
			"faces": {
				"north": {"uv": [8, 5, 9, 5.5], "texture": "#2"},
				"east": {"uv": [6.5, 10, 7, 10.5], "texture": "#2"},
				"south": {"uv": [8, 5.5, 9, 6], "texture": "#2"},
				"west": {"uv": [10, 6.5, 10.5, 7], "texture": "#2"},
				"up": {"uv": [7, 8.5, 6, 8], "texture": "#2"},
				"down": {"uv": [9, 6, 8, 6.5], "texture": "#2"}
			}
		},
		{
			"from": [7, 20, -9],
			"to": [9, 21, -8],
			"rotation": {"angle": 45, "axis": "x", "origin": [0, 0, 0]},
			"faces": {
				"north": {"uv": [8, 6.5, 9, 7], "texture": "#2"},
				"east": {"uv": [7, 10, 7.5, 10.5], "texture": "#2"},
				"south": {"uv": [7, 8, 8, 8.5], "texture": "#2"},
				"west": {"uv": [10, 7, 10.5, 7.5], "texture": "#2"},
				"up": {"uv": [9, 7.5, 8, 7], "texture": "#2"},
				"down": {"uv": [9, 7.5, 8, 8], "texture": "#2"}
			}
		},
		{
			"from": [7, 20, -8],
			"to": [9, 21, -7],
			"rotation": {"angle": 45, "axis": "x", "origin": [0, 0, 0]},
			"faces": {
				"north": {"uv": [8, 8, 9, 8.5], "texture": "#2"},
				"east": {"uv": [7.5, 10, 8, 10.5], "texture": "#2"},
				"south": {"uv": [0, 8.5, 1, 9], "texture": "#2"},
				"west": {"uv": [10, 7.5, 10.5, 8], "texture": "#2"},
				"up": {"uv": [9.5, 0.5, 8.5, 0], "texture": "#2"},
				"down": {"uv": [9.5, 0.5, 8.5, 1], "texture": "#2"}
			}
		},
		{
			"from": [7, 21, -9],
			"to": [9, 22, -8],
			"rotation": {"angle": 45, "axis": "x", "origin": [0, 0, 0]},
			"faces": {
				"north": {"uv": [1, 8.5, 2, 9], "texture": "#2"},
				"east": {"uv": [8, 10, 8.5, 10.5], "texture": "#2"},
				"south": {"uv": [8.5, 1, 9.5, 1.5], "texture": "#2"},
				"west": {"uv": [10, 8, 10.5, 8.5], "texture": "#2"},
				"up": {"uv": [9.5, 2, 8.5, 1.5], "texture": "#2"},
				"down": {"uv": [3, 8.5, 2, 9], "texture": "#2"}
			}
		},
		{
			"from": [7, 20, -10],
			"to": [9, 21, -9],
			"rotation": {"angle": 45, "axis": "x", "origin": [0, 0, 0]},
			"faces": {
				"north": {"uv": [8.5, 2, 9.5, 2.5], "texture": "#2"},
				"east": {"uv": [8.5, 10, 9, 10.5], "texture": "#2"},
				"south": {"uv": [8.5, 2.5, 9.5, 3], "texture": "#2"},
				"west": {"uv": [10, 8.5, 10.5, 9], "texture": "#2"},
				"up": {"uv": [4, 9, 3, 8.5], "texture": "#2"},
				"down": {"uv": [5, 8.5, 4, 9], "texture": "#2"}
			}
		},
		{
			"from": [7, 21, -10],
			"to": [9, 22, -9],
			"rotation": {"angle": 45, "axis": "x", "origin": [0, 0, 0]},
			"faces": {
				"north": {"uv": [5, 8.5, 6, 9], "texture": "#2"},
				"east": {"uv": [9, 10, 9.5, 10.5], "texture": "#2"},
				"south": {"uv": [6, 8.5, 7, 9], "texture": "#2"},
				"west": {"uv": [10, 9, 10.5, 9.5], "texture": "#2"},
				"up": {"uv": [8, 9, 7, 8.5], "texture": "#2"},
				"down": {"uv": [9, 8.5, 8, 9], "texture": "#2"}
			}
		},
		{
			"from": [7, 22, -10],
			"to": [9, 23, -9],
			"rotation": {"angle": 45, "axis": "x", "origin": [0, 0, 0]},
			"faces": {
				"north": {"uv": [0, 9, 1, 9.5], "texture": "#2"},
				"east": {"uv": [9.5, 10, 10, 10.5], "texture": "#2"},
				"south": {"uv": [1, 9, 2, 9.5], "texture": "#2"},
				"west": {"uv": [10, 9.5, 10.5, 10], "texture": "#2"},
				"up": {"uv": [3, 9.5, 2, 9], "texture": "#2"},
				"down": {"uv": [4, 9, 3, 9.5], "texture": "#2"}
			}
		},
		{
			"from": [7, 21, -11],
			"to": [9, 22, -10],
			"rotation": {"angle": 45, "axis": "x", "origin": [0, 0, 0]},
			"faces": {
				"north": {"uv": [9, 3, 10, 3.5], "texture": "#2"},
				"east": {"uv": [10, 10, 10.5, 10.5], "texture": "#2"},
				"south": {"uv": [9, 3.5, 10, 4], "texture": "#2"},
				"west": {"uv": [0, 10.5, 0.5, 11], "texture": "#2"},
				"up": {"uv": [5, 9.5, 4, 9], "texture": "#2"},
				"down": {"uv": [10, 4, 9, 4.5], "texture": "#2"}
			}
		},
		{
			"from": [7, 22, -11],
			"to": [9, 23, -10],
			"rotation": {"angle": 45, "axis": "x", "origin": [0, 0, 0]},
			"faces": {
				"north": {"uv": [9, 4.5, 10, 5], "texture": "#2"},
				"east": {"uv": [10.5, 0, 11, 0.5], "texture": "#2"},
				"south": {"uv": [5, 9, 6, 9.5], "texture": "#2"},
				"west": {"uv": [0.5, 10.5, 1, 11], "texture": "#2"},
				"up": {"uv": [10, 5.5, 9, 5], "texture": "#2"},
				"down": {"uv": [10, 5.5, 9, 6], "texture": "#2"}
			}
		},
		{
			"from": [7, 23, -11],
			"to": [9, 24, -10],
			"rotation": {"angle": 45, "axis": "x", "origin": [0, 0, 0]},
			"faces": {
				"north": {"uv": [6, 9, 7, 9.5], "texture": "#2"},
				"east": {"uv": [10.5, 0.5, 11, 1], "texture": "#2"},
				"south": {"uv": [9, 6, 10, 6.5], "texture": "#2"},
				"west": {"uv": [1, 10.5, 1.5, 11], "texture": "#2"},
				"up": {"uv": [10, 7, 9, 6.5], "texture": "#2"},
				"down": {"uv": [8, 9, 7, 9.5], "texture": "#2"}
			}
		},
		{
			"from": [7, 22, -12],
			"to": [9, 23, -11],
			"rotation": {"angle": 45, "axis": "x", "origin": [0, 0, 0]},
			"faces": {
				"north": {"uv": [9, 7, 10, 7.5], "texture": "#2"},
				"east": {"uv": [10.5, 1, 11, 1.5], "texture": "#2"},
				"south": {"uv": [9, 7.5, 10, 8], "texture": "#2"},
				"west": {"uv": [1.5, 10.5, 2, 11], "texture": "#2"},
				"up": {"uv": [9, 9.5, 8, 9], "texture": "#2"},
				"down": {"uv": [10, 8, 9, 8.5], "texture": "#2"}
			}
		},
		{
			"from": [7, -2, 8],
			"to": [9, 0, 11],
			"rotation": {"angle": -45, "axis": "x", "origin": [0, 0, 0]},
			"faces": {
				"north": {"uv": [0, 2, 1, 3], "texture": "#2"},
				"east": {"uv": [0, 0, 1.5, 1], "texture": "#2"},
				"south": {"uv": [2.5, 0, 3.5, 1], "texture": "#2"},
				"west": {"uv": [0, 1, 1.5, 2], "texture": "#2"},
				"up": {"uv": [2.5, 1.5, 1.5, 0], "texture": "#2"},
				"down": {"uv": [2.5, 1.5, 1.5, 3], "texture": "#2"}
			}
		},
		{
			"from": [7, 11, 1],
			"to": [9, 12, 2],
			"rotation": {"angle": 45, "axis": "x", "origin": [0, 0, 0]},
			"faces": {
				"north": {"uv": [9, 8.5, 10, 9], "texture": "#2"},
				"east": {"uv": [10.5, 1.5, 11, 2], "texture": "#2"},
				"south": {"uv": [9, 9, 10, 9.5], "texture": "#2"},
				"west": {"uv": [2, 10.5, 2.5, 11], "texture": "#2"},
				"up": {"uv": [1, 10, 0, 9.5], "texture": "#2"},
				"down": {"uv": [10.5, 0, 9.5, 0.5], "texture": "#2"}
			}
		},
		{
			"from": [7, 10, 2],
			"to": [9, 12, 4],
			"rotation": {"angle": 45, "axis": "x", "origin": [0, 0, 0]},
			"faces": {
				"north": {"uv": [2.5, 1, 3.5, 2], "texture": "#2"},
				"east": {"uv": [2.5, 2, 3.5, 3], "texture": "#2"},
				"south": {"uv": [0, 3, 1, 4], "texture": "#2"},
				"west": {"uv": [1, 3, 2, 4], "texture": "#2"},
				"up": {"uv": [3, 4, 2, 3], "texture": "#2"},
				"down": {"uv": [4, 3, 3, 4], "texture": "#2"}
			}
		},
		{
			"from": [7, -4, 8],
			"to": [9, -2, 10],
			"rotation": {"angle": -45, "axis": "x", "origin": [0, 0, 0]},
			"faces": {
				"north": {"uv": [3.5, 0, 4.5, 1], "texture": "#2"},
				"east": {"uv": [3.5, 1, 4.5, 2], "texture": "#2"},
				"south": {"uv": [3.5, 2, 4.5, 3], "texture": "#2"},
				"west": {"uv": [0, 4, 1, 5], "texture": "#2"},
				"up": {"uv": [2, 5, 1, 4], "texture": "#2"},
				"down": {"uv": [3, 4, 2, 5], "texture": "#2"}
			}
		},
		{
			"from": [7, 11, 23],
			"to": [9, 13, 24],
			"rotation": {"angle": -45, "axis": "x", "origin": [0, 0, 0]},
			"faces": {
				"north": {"uv": [8, 7, 10, 9], "texture": "#1"},
				"east": {"uv": [3, 8, 4, 10], "texture": "#1"},
				"south": {"uv": [9, 2, 11, 4], "texture": "#1"},
				"west": {"uv": [9, 4, 10, 6], "texture": "#1"},
				"up": {"uv": [11, 7, 9, 6], "texture": "#1"},
				"down": {"uv": [10, 9, 8, 10], "texture": "#1"}
			}
		},
		{
			"from": [7, 25, 4.5],
			"to": [9, 26.1, 12.5],
			"faces": {
				"north": {"uv": [3, 10, 5, 11], "texture": "#1"},
				"east": {"uv": [8, 0, 16, 1], "texture": "#1"},
				"south": {"uv": [10, 4, 12, 5], "texture": "#1"},
				"west": {"uv": [8, 1, 16, 2], "texture": "#1"},
				"up": {"uv": [2, 8, 0, 0], "texture": "#1"},
				"down": {"uv": [4, 0, 2, 8], "texture": "#1"}
			}
		},
		{
			"from": [7, 25, 4],
			"to": [9, 30, 5.1],
			"faces": {
				"north": {"uv": [4, 0, 6, 5], "texture": "#1"},
				"east": {"uv": [0, 8, 1, 13], "texture": "#1"},
				"south": {"uv": [4, 5, 6, 10], "texture": "#1"},
				"west": {"uv": [1, 8, 2, 13], "texture": "#1"},
				"up": {"uv": [7, 11, 5, 10], "texture": "#1"},
				"down": {"uv": [12, 5, 10, 6], "texture": "#1"}
			}
		},
		{
			"from": [7, 25, 12],
			"to": [9, 30, 13],
			"faces": {
				"north": {"uv": [6, 0, 8, 5], "texture": "#1"},
				"east": {"uv": [2, 8, 3, 13], "texture": "#1"},
				"south": {"uv": [6, 5, 8, 10], "texture": "#1"},
				"west": {"uv": [8, 2, 9, 7], "texture": "#1"},
				"up": {"uv": [9, 11, 7, 10], "texture": "#1"},
				"down": {"uv": [12, 7, 10, 8], "texture": "#1"}
			}
		},
		{
			"from": [7, 11, 24],
			"to": [9, 12, 25],
			"rotation": {"angle": -45, "axis": "x", "origin": [0, 0, 0]},
			"faces": {
				"north": {"uv": [10, 8, 12, 9], "texture": "#1"},
				"east": {"uv": [3, 11, 4, 12], "texture": "#1"},
				"south": {"uv": [9, 10, 11, 11], "texture": "#1"},
				"west": {"uv": [11, 3, 12, 4], "texture": "#1"},
				"up": {"uv": [12, 10, 10, 9], "texture": "#1"},
				"down": {"uv": [13, 2, 11, 3], "texture": "#1"}
			}
		},
		{
			"from": [6.5, 27.29081, 6.59871],
			"to": [9.5, 30.29081, 9.59871],
			"rotation": {"angle": -22.5, "axis": "x", "origin": [15, 29.79081, 6.09871]},
			"faces": {
				"north": {"uv": [0, 0, 3, 3], "texture": "#0"},
				"east": {"uv": [0, 3, 3, 6], "texture": "#0"},
				"south": {"uv": [3, 0, 6, 3], "texture": "#0"},
				"west": {"uv": [3, 3, 6, 6], "texture": "#0"},
				"up": {"uv": [3, 9, 0, 6], "texture": "#0"},
				"down": {"uv": [9, 0, 6, 3], "texture": "#0"}
			}
		},
		{
			"from": [7.5, 30.29081, 8.59871],
			"to": [8.5, 31.29081, 9.59871],
			"rotation": {"angle": -22.5, "axis": "x", "origin": [15, 29.79081, 6.09871]},
			"faces": {
				"north": {"uv": [3, 6, 4, 7], "texture": "#0"},
				"east": {"uv": [6, 3, 7, 4], "texture": "#0"},
				"south": {"uv": [4, 6, 5, 7], "texture": "#0"},
				"west": {"uv": [6, 4, 7, 5], "texture": "#0"},
				"up": {"uv": [6, 7, 5, 6], "texture": "#0"},
				"down": {"uv": [7, 5, 6, 6], "texture": "#0"}
			}
		},
		{
			"from": [8.5, 30.29081, 7.59871],
			"to": [9.5, 31.29081, 8.59871],
			"rotation": {"angle": -22.5, "axis": "x", "origin": [15, 29.79081, 6.09871]},
			"faces": {
				"north": {"uv": [6, 6, 7, 7], "texture": "#0"},
				"east": {"uv": [3, 7, 4, 8], "texture": "#0"},
				"south": {"uv": [7, 3, 8, 4], "texture": "#0"},
				"west": {"uv": [4, 7, 5, 8], "texture": "#0"},
				"up": {"uv": [8, 5, 7, 4], "texture": "#0"},
				"down": {"uv": [6, 7, 5, 8], "texture": "#0"}
			}
		},
		{
			"from": [7.5, 30.29081, 6.59871],
			"to": [8.5, 31.29081, 7.59871],
			"rotation": {"angle": -22.5, "axis": "x", "origin": [15, 29.79081, 6.09871]},
			"faces": {
				"north": {"uv": [7, 5, 8, 6], "texture": "#0"},
				"east": {"uv": [6, 7, 7, 8], "texture": "#0"},
				"south": {"uv": [7, 6, 8, 7], "texture": "#0"},
				"west": {"uv": [7, 7, 8, 8], "texture": "#0"},
				"up": {"uv": [4, 9, 3, 8], "texture": "#0"},
				"down": {"uv": [9, 3, 8, 4], "texture": "#0"}
			}
		},
		{
			"from": [6.5, 30.29081, 7.59871],
			"to": [7.5, 31.29081, 8.59871],
			"rotation": {"angle": -22.5, "axis": "x", "origin": [15, 29.79081, 6.09871]},
			"faces": {
				"north": {"uv": [4, 8, 5, 9], "texture": "#0"},
				"east": {"uv": [8, 4, 9, 5], "texture": "#0"},
				"south": {"uv": [5, 8, 6, 9], "texture": "#0"},
				"west": {"uv": [8, 5, 9, 6], "texture": "#0"},
				"up": {"uv": [7, 9, 6, 8], "texture": "#0"},
				"down": {"uv": [9, 6, 8, 7], "texture": "#0"}
			}
		},
		{
			"from": [7.5, 27.29081, 9.59871],
			"to": [8.5, 28.29081, 10.59871],
			"rotation": {"angle": -22.5, "axis": "x", "origin": [15, 29.79081, 6.09871]},
			"faces": {
				"north": {"uv": [7, 8, 8, 9], "texture": "#0"},
				"east": {"uv": [8, 7, 9, 8], "texture": "#0"},
				"south": {"uv": [8, 8, 9, 9], "texture": "#0"},
				"west": {"uv": [0, 9, 1, 10], "texture": "#0"},
				"up": {"uv": [10, 1, 9, 0], "texture": "#0"},
				"down": {"uv": [2, 9, 1, 10], "texture": "#0"}
			}
		},
		{
			"from": [8.5, 28.29081, 9.59871],
			"to": [9.5, 29.29081, 10.59871],
			"rotation": {"angle": -22.5, "axis": "x", "origin": [15, 29.79081, 6.09871]},
			"faces": {
				"north": {"uv": [9, 1, 10, 2], "texture": "#0"},
				"east": {"uv": [2, 9, 3, 10], "texture": "#0"},
				"south": {"uv": [9, 2, 10, 3], "texture": "#0"},
				"west": {"uv": [3, 9, 4, 10], "texture": "#0"},
				"up": {"uv": [10, 4, 9, 3], "texture": "#0"},
				"down": {"uv": [5, 9, 4, 10], "texture": "#0"}
			}
		},
		{
			"from": [7.5, 29.29081, 9.59871],
			"to": [8.5, 30.29081, 10.59871],
			"rotation": {"angle": -22.5, "axis": "x", "origin": [15, 29.79081, 6.09871]},
			"faces": {
				"north": {"uv": [9, 4, 10, 5], "texture": "#0"},
				"east": {"uv": [5, 9, 6, 10], "texture": "#0"},
				"south": {"uv": [9, 5, 10, 6], "texture": "#0"},
				"west": {"uv": [6, 9, 7, 10], "texture": "#0"},
				"up": {"uv": [10, 7, 9, 6], "texture": "#0"},
				"down": {"uv": [8, 9, 7, 10], "texture": "#0"}
			}
		},
		{
			"from": [6.5, 28.29081, 9.59871],
			"to": [7.5, 29.29081, 10.59871],
			"rotation": {"angle": -22.5, "axis": "x", "origin": [15, 29.79081, 6.09871]},
			"faces": {
				"north": {"uv": [9, 7, 10, 8], "texture": "#0"},
				"east": {"uv": [8, 9, 9, 10], "texture": "#0"},
				"south": {"uv": [9, 8, 10, 9], "texture": "#0"},
				"west": {"uv": [9, 9, 10, 10], "texture": "#0"},
				"up": {"uv": [1, 11, 0, 10], "texture": "#0"},
				"down": {"uv": [11, 0, 10, 1], "texture": "#0"}
			}
		},
		{
			"from": [7.5, 26.29081, 8.59871],
			"to": [8.5, 27.29081, 9.59871],
			"rotation": {"angle": -22.5, "axis": "x", "origin": [15, 29.79081, 6.09871]},
			"faces": {
				"north": {"uv": [1, 10, 2, 11], "texture": "#0"},
				"east": {"uv": [10, 1, 11, 2], "texture": "#0"},
				"south": {"uv": [2, 10, 3, 11], "texture": "#0"},
				"west": {"uv": [10, 2, 11, 3], "texture": "#0"},
				"up": {"uv": [4, 11, 3, 10], "texture": "#0"},
				"down": {"uv": [11, 3, 10, 4], "texture": "#0"}
			}
		},
		{
			"from": [8.5, 26.29081, 7.59871],
			"to": [9.5, 27.29081, 8.59871],
			"rotation": {"angle": -22.5, "axis": "x", "origin": [15, 29.79081, 6.09871]},
			"faces": {
				"north": {"uv": [4, 10, 5, 11], "texture": "#0"},
				"east": {"uv": [10, 4, 11, 5], "texture": "#0"},
				"south": {"uv": [5, 10, 6, 11], "texture": "#0"},
				"west": {"uv": [10, 5, 11, 6], "texture": "#0"},
				"up": {"uv": [7, 11, 6, 10], "texture": "#0"},
				"down": {"uv": [11, 6, 10, 7], "texture": "#0"}
			}
		},
		{
			"from": [7.5, 26.29081, 6.59871],
			"to": [8.5, 27.29081, 7.59871],
			"rotation": {"angle": -22.5, "axis": "x", "origin": [15, 29.79081, 6.09871]},
			"faces": {
				"north": {"uv": [7, 10, 8, 11], "texture": "#0"},
				"east": {"uv": [10, 7, 11, 8], "texture": "#0"},
				"south": {"uv": [8, 10, 9, 11], "texture": "#0"},
				"west": {"uv": [10, 8, 11, 9], "texture": "#0"},
				"up": {"uv": [10, 11, 9, 10], "texture": "#0"},
				"down": {"uv": [11, 9, 10, 10], "texture": "#0"}
			}
		},
		{
			"from": [6.5, 26.29081, 7.59871],
			"to": [7.5, 27.29081, 8.59871],
			"rotation": {"angle": -22.5, "axis": "x", "origin": [15, 29.79081, 6.09871]},
			"faces": {
				"north": {"uv": [10, 10, 11, 11], "texture": "#0"},
				"east": {"uv": [0, 11, 1, 12], "texture": "#0"},
				"south": {"uv": [11, 0, 12, 1], "texture": "#0"},
				"west": {"uv": [1, 11, 2, 12], "texture": "#0"},
				"up": {"uv": [12, 2, 11, 1], "texture": "#0"},
				"down": {"uv": [3, 11, 2, 12], "texture": "#0"}
			}
		},
		{
			"from": [7.5, 27.29081, 5.59871],
			"to": [8.5, 28.29081, 6.59871],
			"rotation": {"angle": -22.5, "axis": "x", "origin": [15, 29.79081, 6.09871]},
			"faces": {
				"north": {"uv": [11, 2, 12, 3], "texture": "#0"},
				"east": {"uv": [3, 11, 4, 12], "texture": "#0"},
				"south": {"uv": [11, 3, 12, 4], "texture": "#0"},
				"west": {"uv": [4, 11, 5, 12], "texture": "#0"},
				"up": {"uv": [12, 5, 11, 4], "texture": "#0"},
				"down": {"uv": [6, 11, 5, 12], "texture": "#0"}
			}
		},
		{
			"from": [8.5, 28.29081, 5.59871],
			"to": [9.5, 29.29081, 6.59871],
			"rotation": {"angle": -22.5, "axis": "x", "origin": [15, 29.79081, 6.09871]},
			"faces": {
				"north": {"uv": [11, 5, 12, 6], "texture": "#0"},
				"east": {"uv": [6, 11, 7, 12], "texture": "#0"},
				"south": {"uv": [11, 6, 12, 7], "texture": "#0"},
				"west": {"uv": [7, 11, 8, 12], "texture": "#0"},
				"up": {"uv": [12, 8, 11, 7], "texture": "#0"},
				"down": {"uv": [9, 11, 8, 12], "texture": "#0"}
			}
		},
		{
			"from": [7.5, 29.29081, 5.59871],
			"to": [8.5, 30.29081, 6.59871],
			"rotation": {"angle": -22.5, "axis": "x", "origin": [15, 29.79081, 6.09871]},
			"faces": {
				"north": {"uv": [11, 8, 12, 9], "texture": "#0"},
				"east": {"uv": [9, 11, 10, 12], "texture": "#0"},
				"south": {"uv": [11, 9, 12, 10], "texture": "#0"},
				"west": {"uv": [10, 11, 11, 12], "texture": "#0"},
				"up": {"uv": [12, 11, 11, 10], "texture": "#0"},
				"down": {"uv": [12, 11, 11, 12], "texture": "#0"}
			}
		},
		{
			"from": [6.5, 28.29081, 5.59871],
			"to": [7.5, 29.29081, 6.59871],
			"rotation": {"angle": -22.5, "axis": "x", "origin": [15, 29.79081, 6.09871]},
			"faces": {
				"north": {"uv": [0, 12, 1, 13], "texture": "#0"},
				"east": {"uv": [12, 0, 13, 1], "texture": "#0"},
				"south": {"uv": [1, 12, 2, 13], "texture": "#0"},
				"west": {"uv": [12, 1, 13, 2], "texture": "#0"},
				"up": {"uv": [3, 13, 2, 12], "texture": "#0"},
				"down": {"uv": [13, 2, 12, 3], "texture": "#0"}
			}
		},
		{
			"from": [5.5, 28.29081, 6.59871],
			"to": [6.5, 29.29081, 7.59871],
			"rotation": {"angle": -22.5, "axis": "x", "origin": [15, 29.79081, 6.09871]},
			"faces": {
				"north": {"uv": [3, 12, 4, 13], "texture": "#0"},
				"east": {"uv": [12, 3, 13, 4], "texture": "#0"},
				"south": {"uv": [4, 12, 5, 13], "texture": "#0"},
				"west": {"uv": [12, 4, 13, 5], "texture": "#0"},
				"up": {"uv": [6, 13, 5, 12], "texture": "#0"},
				"down": {"uv": [13, 5, 12, 6], "texture": "#0"}
			}
		},
		{
			"from": [5.5, 28.29081, 8.59871],
			"to": [6.5, 29.29081, 9.59871],
			"rotation": {"angle": -22.5, "axis": "x", "origin": [15, 29.79081, 6.09871]},
			"faces": {
				"north": {"uv": [6, 12, 7, 13], "texture": "#0"},
				"east": {"uv": [12, 6, 13, 7], "texture": "#0"},
				"south": {"uv": [7, 12, 8, 13], "texture": "#0"},
				"west": {"uv": [12, 7, 13, 8], "texture": "#0"},
				"up": {"uv": [9, 13, 8, 12], "texture": "#0"},
				"down": {"uv": [13, 8, 12, 9], "texture": "#0"}
			}
		},
		{
			"from": [5.5, 29.29081, 7.59871],
			"to": [6.5, 30.29081, 8.59871],
			"rotation": {"angle": -22.5, "axis": "x", "origin": [15, 29.79081, 6.09871]},
			"faces": {
				"north": {"uv": [9, 12, 10, 13], "texture": "#0"},
				"east": {"uv": [12, 9, 13, 10], "texture": "#0"},
				"south": {"uv": [10, 12, 11, 13], "texture": "#0"},
				"west": {"uv": [12, 10, 13, 11], "texture": "#0"},
				"up": {"uv": [12, 13, 11, 12], "texture": "#0"},
				"down": {"uv": [13, 11, 12, 12], "texture": "#0"}
			}
		},
		{
			"from": [5.5, 27.29081, 7.59871],
			"to": [6.5, 28.29081, 8.59871],
			"rotation": {"angle": -22.5, "axis": "x", "origin": [15, 29.79081, 6.09871]},
			"faces": {
				"north": {"uv": [12, 12, 13, 13], "texture": "#0"},
				"east": {"uv": [0, 13, 1, 14], "texture": "#0"},
				"south": {"uv": [13, 0, 14, 1], "texture": "#0"},
				"west": {"uv": [1, 13, 2, 14], "texture": "#0"},
				"up": {"uv": [14, 2, 13, 1], "texture": "#0"},
				"down": {"uv": [3, 13, 2, 14], "texture": "#0"}
			}
		},
		{
			"from": [9.5, 27.29081, 7.59871],
			"to": [10.5, 28.29081, 8.59871],
			"rotation": {"angle": -22.5, "axis": "x", "origin": [15, 29.79081, 6.09871]},
			"faces": {
				"north": {"uv": [13, 2, 14, 3], "texture": "#0"},
				"east": {"uv": [3, 13, 4, 14], "texture": "#0"},
				"south": {"uv": [13, 3, 14, 4], "texture": "#0"},
				"west": {"uv": [4, 13, 5, 14], "texture": "#0"},
				"up": {"uv": [14, 5, 13, 4], "texture": "#0"},
				"down": {"uv": [6, 13, 5, 14], "texture": "#0"}
			}
		},
		{
			"from": [9.5, 28.29081, 8.59871],
			"to": [10.5, 29.29081, 9.59871],
			"rotation": {"angle": -22.5, "axis": "x", "origin": [15, 29.79081, 6.09871]},
			"faces": {
				"north": {"uv": [13, 5, 14, 6], "texture": "#0"},
				"east": {"uv": [6, 13, 7, 14], "texture": "#0"},
				"south": {"uv": [13, 6, 14, 7], "texture": "#0"},
				"west": {"uv": [7, 13, 8, 14], "texture": "#0"},
				"up": {"uv": [14, 8, 13, 7], "texture": "#0"},
				"down": {"uv": [9, 13, 8, 14], "texture": "#0"}
			}
		},
		{
			"from": [9.5, 29.29081, 7.59871],
			"to": [10.5, 30.29081, 8.59871],
			"rotation": {"angle": -22.5, "axis": "x", "origin": [15, 29.79081, 6.09871]},
			"faces": {
				"north": {"uv": [13, 8, 14, 9], "texture": "#0"},
				"east": {"uv": [9, 13, 10, 14], "texture": "#0"},
				"south": {"uv": [13, 9, 14, 10], "texture": "#0"},
				"west": {"uv": [10, 13, 11, 14], "texture": "#0"},
				"up": {"uv": [14, 11, 13, 10], "texture": "#0"},
				"down": {"uv": [12, 13, 11, 14], "texture": "#0"}
			}
		},
		{
			"from": [9.5, 28.29081, 6.59871],
			"to": [10.5, 29.29081, 7.59871],
			"rotation": {"angle": -22.5, "axis": "x", "origin": [15, 29.79081, 6.09871]},
			"faces": {
				"north": {"uv": [13, 11, 14, 12], "texture": "#0"},
				"east": {"uv": [12, 13, 13, 14], "texture": "#0"},
				"south": {"uv": [13, 12, 14, 13], "texture": "#0"},
				"west": {"uv": [13, 13, 14, 14], "texture": "#0"},
				"up": {"uv": [1, 15, 0, 14], "texture": "#0"},
				"down": {"uv": [15, 0, 14, 1], "texture": "#0"}
			}
		}
	],
	"display": {
		"thirdperson_righthand": {
			"translation": [0, -10, 1.5]
		},
		"thirdperson_lefthand": {
			"translation": [0, -10, 1.5]
		},
		"firstperson_righthand": {
			"rotation": [-8, 0, 0],
			"translation": [2, -2.25, 0],
			"scale": [0.5, 0.5, 0.5]
		},
		"firstperson_lefthand": {
			"rotation": [-8, 0, 0],
			"translation": [2, -2.25, 0],
			"scale": [0.5, 0.5, 0.5]
		},
		"ground": {
			"rotation": [0, 0, 90],
			"translation": [8.5, -3, 0]
		},
		"gui": {
			"rotation": [0, 90, 0],
			"translation": [0, -5.5, 0],
			"scale": [0.5, 0.5, 0.5]
		},
		"head": {
			"rotation": [-42, 90, 0],
			"translation": [-0.75, 0, 0]
		},
		"fixed": {
			"rotation": [0, 90, 0],
			"translation": [0, -8, -2.25]
		}
	},
	"groups": [
		{
			"name": "Handle",
			"origin": [8, 8, 8],
			"color": 0,
			"children": [
				{
					"name": "Stick",
					"origin": [8, 8, 8],
					"color": 0,
					"children": [0, 1, 2, 3, 4, 5, 6, 7, 8, 9, 10, 11, 12, 13, 14, 15, 16, 17, 18, 19, 20, 21, 22, 23, 24, 25, 26, 27, 28, 29, 30, 31, 32, 33, 34, 35]
				},
				{
					"name": "Handle_Bottom",
					"origin": [8, 8, 8],
					"color": 0,
					"children": [36, 37, 38, 39]
				}
			]
		},
		{
			"name": "Holder",
			"origin": [8, 8, 8],
			"color": 0,
			"children": [40, 41, 42, 43, 44]
		},
		{
			"name": "Fire",
			"origin": [8, 8, 8],
			"color": 0,
			"children": [
				45,
				{
					"name": "Flame",
					"origin": [8, 8, 8],
					"color": 0,
					"children": [46, 47, 48, 49, 50, 51, 52, 53, 54, 55, 56, 57, 58, 59, 60, 61, 62, 63, 64, 65, 66, 67, 68, 69]
				}
			]
		}
	]
}