{
	"credit": "Made with Blockbench",
	"textures": {
		"0": "item/netherite_sword/steam_sword/smokebox",
		"1": "item/netherite_sword/steam_sword/funnel",
		"2": "item/netherite_sword/steam_sword/handle",
		"particle": "item/netherite_sword/steam_sword/smokebox"
	},
	"elements": [
		{
			"from": [6.5, 0, 6.3],
			"to": [9.5, 16, 9.3],
			"faces": {
				"north": {"uv": [0, 0, 3, 16], "texture": "#2"},
				"east": {"uv": [3, 0, 6, 16], "texture": "#2"},
				"south": {"uv": [6, 0, 9, 16], "texture": "#2"},
				"west": {"uv": [9, 0, 12, 16], "texture": "#2"},
				"up": {"uv": [15, 3, 12, 0], "texture": "#2"},
				"down": {"uv": [15, 3, 12, 6], "texture": "#2"}
			}
		},
		{
			"from": [6, 17, 10],
			"to": [10, 32, 11],
			"faces": {
				"north": {"uv": [1.5, 3.75, 2.5, 7.5], "texture": "#1"},
				"east": {"uv": [5.5, 0, 5.75, 3.75], "texture": "#1"},
				"south": {"uv": [2.5, 3.75, 3.5, 7.5], "texture": "#1"},
				"west": {"uv": [5.75, 0, 6, 3.75], "texture": "#1"},
				"up": {"uv": [5.75, 7, 4.75, 6.75], "texture": "#1"},
				"down": {"uv": [7.75, 5.5, 6.75, 5.75], "texture": "#1"}
			}
		},
		{
			"from": [6, 17, 5],
			"to": [10, 32, 6],
			"faces": {
				"north": {"uv": [3.5, 3.75, 4.5, 7.5], "texture": "#1"},
				"east": {"uv": [6, 0, 6.25, 3.75], "texture": "#1"},
				"south": {"uv": [4.5, 0, 5.5, 3.75], "texture": "#1"},
				"west": {"uv": [6, 3.75, 6.25, 7.5], "texture": "#1"},
				"up": {"uv": [7.75, 6, 6.75, 5.75], "texture": "#1"},
				"down": {"uv": [7.75, 6, 6.75, 6.25], "texture": "#1"}
			}
		},
		{
			"from": [10, 17, 5],
			"to": [11, 32, 11],
			"faces": {
				"north": {"uv": [6.25, 0, 6.5, 3.75], "texture": "#1"},
				"east": {"uv": [0, 0, 1.5, 3.75], "texture": "#1"},
				"south": {"uv": [6.25, 3.75, 6.5, 7.5], "texture": "#1"},
				"west": {"uv": [1.5, 0, 3, 3.75], "texture": "#1"},
				"up": {"uv": [7, 1.5, 6.75, 0], "texture": "#1"},
				"down": {"uv": [7, 1.5, 6.75, 3], "texture": "#1"}
			}
		},
		{
			"from": [5, 17, 5],
			"to": [6, 32, 11],
			"faces": {
				"north": {"uv": [6.5, 0, 6.75, 3.75], "texture": "#1"},
				"east": {"uv": [3, 0, 4.5, 3.75], "texture": "#1"},
				"south": {"uv": [6.5, 3.75, 6.75, 7.5], "texture": "#1"},
				"west": {"uv": [0, 3.75, 1.5, 7.5], "texture": "#1"},
				"up": {"uv": [7, 4.5, 6.75, 3], "texture": "#1"},
				"down": {"uv": [4.75, 6.75, 4.5, 8.25], "texture": "#1"}
			}
		},
		{
			"from": [5, 16, 5],
			"to": [11, 17, 11],
			"faces": {
				"north": {"uv": [6.75, 4.5, 8.25, 4.75], "texture": "#1"},
				"east": {"uv": [6.75, 4.75, 8.25, 5], "texture": "#1"},
				"south": {"uv": [6.75, 5, 8.25, 5.25], "texture": "#1"},
				"west": {"uv": [6.75, 5.25, 8.25, 5.5], "texture": "#1"},
				"up": {"uv": [6, 5.25, 4.5, 3.75], "texture": "#1"},
				"down": {"uv": [6, 5.25, 4.5, 6.75], "texture": "#1"}
			}
		},
		{
			"from": [0, 15, 5],
			"to": [7, 16, 11],
			"faces": {
				"north": {"uv": [7.5, 5.5, 9.25, 5.75], "texture": "#0"},
				"east": {"uv": [8, 1.25, 9.5, 1.5], "texture": "#0"},
				"south": {"uv": [7.5, 5.75, 9.25, 6], "texture": "#0"},
				"west": {"uv": [8, 1.5, 9.5, 1.75], "texture": "#0"},
				"up": {"uv": [5.75, 4.5, 4, 3], "texture": "#0"},
				"down": {"uv": [5.75, 4.5, 4, 6], "texture": "#0"}
			}
		},
		{
			"from": [0, 10.25, 5],
			"to": [7, 11.25, 11],
			"faces": {
				"north": {"uv": [5.25, 7.75, 7, 8], "texture": "#0"},
				"east": {"uv": [8, 1.75, 9.5, 2], "texture": "#0"},
				"south": {"uv": [8, 0, 9.75, 0.25], "texture": "#0"},
				"west": {"uv": [8, 2, 9.5, 2.25], "texture": "#0"},
				"up": {"uv": [1.75, 6.5, 0, 5], "texture": "#0"},
				"down": {"uv": [3.5, 5, 1.75, 6.5], "texture": "#0"}
			}
		},
		{
			"from": [0, 10.75, 5],
			"to": [1, 15.25, 11],
			"faces": {
				"north": {"uv": [7.75, 8, 8, 9.25], "texture": "#0"},
				"east": {"uv": [0, 6.5, 1.5, 7.75], "texture": "#0"},
				"south": {"uv": [8, 8, 8.25, 9.25], "texture": "#0"},
				"west": {"uv": [1.5, 6.5, 3, 7.75], "texture": "#0"},
				"up": {"uv": [5.5, 9.5, 5.25, 8], "texture": "#0"},
				"down": {"uv": [5.75, 8, 5.5, 9.5], "texture": "#0"}
			}
		},
		{
			"from": [15, 11, 5],
			"to": [16, 15, 11],
			"faces": {
				"north": {"uv": [3.5, 5, 3.75, 6], "texture": "#0"},
				"east": {"uv": [7, 6, 8.5, 7], "texture": "#0"},
				"south": {"uv": [3.75, 5, 4, 6], "texture": "#0"},
				"west": {"uv": [7, 7, 8.5, 8], "texture": "#0"},
				"up": {"uv": [6, 9.5, 5.75, 8], "texture": "#0"},
				"down": {"uv": [6.25, 8, 6, 9.5], "texture": "#0"}
			}
		},
		{
			"from": [0, 10.8, -7.8],
			"to": [16, 14.8, -6.8],
			"rotation": {"angle": 45, "axis": "x", "origin": [0, 0, 0]},
			"faces": {
				"north": {"uv": [0, 0, 4, 1], "texture": "#0"},
				"east": {"uv": [3, 6.5, 3.25, 7.5], "texture": "#0"},
				"south": {"uv": [0, 1, 4, 2], "texture": "#0"},
				"west": {"uv": [3.25, 6.5, 3.5, 7.5], "texture": "#0"},
				"up": {"uv": [7, 7.75, 3, 7.5], "texture": "#0"},
				"down": {"uv": [11.5, 3, 7.5, 3.25], "texture": "#0"}
			}
		},
		{
			"from": [0, 14.75, -0.5],
			"to": [16, 18.75, 0.5],
			"rotation": {"angle": 45, "axis": "x", "origin": [0, 0, 0]},
			"faces": {
				"north": {"uv": [0, 2, 4, 3], "texture": "#0"},
				"east": {"uv": [6.25, 8.25, 6.5, 9.25], "texture": "#0"},
				"south": {"uv": [0, 3, 4, 4], "texture": "#0"},
				"west": {"uv": [6.5, 8.25, 6.75, 9.25], "texture": "#0"},
				"up": {"uv": [11.5, 3.5, 7.5, 3.25], "texture": "#0"},
				"down": {"uv": [11.5, 3.5, 7.5, 3.75], "texture": "#0"}
			}
		},
		{
			"from": [0, 3.8, 10.6],
			"to": [16, 7.8, 11.6],
			"rotation": {"angle": -45, "axis": "x", "origin": [0, 0, 0]},
			"faces": {
				"north": {"uv": [0, 4, 4, 5], "texture": "#0"},
				"east": {"uv": [6.75, 8.25, 7, 9.25], "texture": "#0"},
				"south": {"uv": [4, 0, 8, 1], "texture": "#0"},
				"west": {"uv": [7, 8.25, 7.25, 9.25], "texture": "#0"},
				"up": {"uv": [11.5, 4, 7.5, 3.75], "texture": "#0"},
				"down": {"uv": [11.5, 4, 7.5, 4.25], "texture": "#0"}
			}
		},
		{
			"from": [0, -0.5, 18.2],
			"to": [16, 3.5, 19.2],
			"rotation": {"angle": -45, "axis": "x", "origin": [0, 0, 0]},
			"faces": {
				"north": {"uv": [4, 1, 8, 2], "texture": "#0"},
				"east": {"uv": [7.25, 8.25, 7.5, 9.25], "texture": "#0"},
				"south": {"uv": [4, 2, 8, 3], "texture": "#0"},
				"west": {"uv": [7.5, 8.25, 7.75, 9.25], "texture": "#0"},
				"up": {"uv": [11.5, 4.5, 7.5, 4.25], "texture": "#0"},
				"down": {"uv": [11.5, 4.5, 7.5, 4.75], "texture": "#0"}
			}
		},
		{
			"from": [9, 15, 5],
			"to": [16, 16, 11],
			"faces": {
				"north": {"uv": [8, 0.25, 9.75, 0.5], "texture": "#0"},
				"east": {"uv": [8, 2.25, 9.5, 2.5], "texture": "#0"},
				"south": {"uv": [8, 0.5, 9.75, 0.75], "texture": "#0"},
				"west": {"uv": [8, 2.5, 9.5, 2.75], "texture": "#0"},
				"up": {"uv": [7.5, 4.5, 5.75, 3], "texture": "#0"},
				"down": {"uv": [7.5, 4.5, 5.75, 6], "texture": "#0"}
			}
		},
		{
			"from": [9, 10.25, 5],
			"to": [16, 11.25, 11],
			"faces": {
				"north": {"uv": [8, 0.75, 9.75, 1], "texture": "#0"},
				"east": {"uv": [8, 2.75, 9.5, 3], "texture": "#0"},
				"south": {"uv": [8, 1, 9.75, 1.25], "texture": "#0"},
				"west": {"uv": [6.25, 8, 7.75, 8.25], "texture": "#0"},
				"up": {"uv": [5.25, 7.5, 3.5, 6], "texture": "#0"},
				"down": {"uv": [7, 6, 5.25, 7.5], "texture": "#0"}
			}
		},
		{
			"from": [7, 10.25, 9],
			"to": [9, 11.25, 11],
			"faces": {
				"north": {"uv": [8.25, 5.25, 8.75, 5.5], "texture": "#0"},
				"east": {"uv": [8.5, 6, 9, 6.25], "texture": "#0"},
				"south": {"uv": [8.5, 6.25, 9, 6.5], "texture": "#0"},
				"west": {"uv": [8.5, 6.5, 9, 6.75], "texture": "#0"},
				"up": {"uv": [8.75, 5.25, 8.25, 4.75], "texture": "#0"},
				"down": {"uv": [8.75, 8, 8.25, 8.5], "texture": "#0"}
			}
		},
		{
			"from": [7, 10.25, 5],
			"to": [9, 11.25, 7],
			"faces": {
				"north": {"uv": [8.5, 6.75, 9, 7], "texture": "#0"},
				"east": {"uv": [8.5, 7, 9, 7.25], "texture": "#0"},
				"south": {"uv": [8.5, 7.25, 9, 7.5], "texture": "#0"},
				"west": {"uv": [8.5, 7.5, 9, 7.75], "texture": "#0"},
				"up": {"uv": [0.5, 9, 0, 8.5], "texture": "#0"},
				"down": {"uv": [1, 8.5, 0.5, 9], "texture": "#0"}
			}
		},
		{
			"from": [15, 3.8, 11.6],
			"to": [16, 6.8, 14.6],
			"rotation": {"angle": -45, "axis": "x", "origin": [0, 0, 0]},
			"faces": {
				"north": {"uv": [1, 8.5, 1.25, 9.25], "texture": "#0"},
				"east": {"uv": [7.5, 4.75, 8.25, 5.5], "texture": "#0"},
				"south": {"uv": [1.25, 8.5, 1.5, 9.25], "texture": "#0"},
				"west": {"uv": [0, 7.75, 0.75, 8.5], "texture": "#0"},
				"up": {"uv": [1.75, 9.25, 1.5, 8.5], "texture": "#0"},
				"down": {"uv": [2, 8.5, 1.75, 9.25], "texture": "#0"}
			}
		},
		{
			"from": [0, 3.8, 11.6],
			"to": [1, 6.8, 14.6],
			"rotation": {"angle": -45, "axis": "x", "origin": [0, 0, 0]},
			"faces": {
				"north": {"uv": [2, 8.5, 2.25, 9.25], "texture": "#0"},
				"east": {"uv": [0.75, 7.75, 1.5, 8.5], "texture": "#0"},
				"south": {"uv": [2.25, 8.5, 2.5, 9.25], "texture": "#0"},
				"west": {"uv": [1.5, 7.75, 2.25, 8.5], "texture": "#0"},
				"up": {"uv": [2.75, 9.25, 2.5, 8.5], "texture": "#0"},
				"down": {"uv": [3, 8.5, 2.75, 9.25], "texture": "#0"}
			}
		},
		{
			"from": [15, 0.5, 15.2],
			"to": [16, 3.5, 18.2],
			"rotation": {"angle": -45, "axis": "x", "origin": [0, 0, 0]},
			"faces": {
				"north": {"uv": [3, 8.5, 3.25, 9.25], "texture": "#0"},
				"east": {"uv": [2.25, 7.75, 3, 8.5], "texture": "#0"},
				"south": {"uv": [3.25, 8.5, 3.5, 9.25], "texture": "#0"},
				"west": {"uv": [3, 7.75, 3.75, 8.5], "texture": "#0"},
				"up": {"uv": [3.75, 9.25, 3.5, 8.5], "texture": "#0"},
				"down": {"uv": [4, 8.5, 3.75, 9.25], "texture": "#0"}
			}
		},
		{
			"from": [0, 0.5, 15.2],
			"to": [1, 3.5, 18.2],
			"rotation": {"angle": -45, "axis": "x", "origin": [0, 0, 0]},
			"faces": {
				"north": {"uv": [4, 8.5, 4.25, 9.25], "texture": "#0"},
				"east": {"uv": [3.75, 7.75, 4.5, 8.5], "texture": "#0"},
				"south": {"uv": [4.25, 8.5, 4.5, 9.25], "texture": "#0"},
				"west": {"uv": [4.5, 7.75, 5.25, 8.5], "texture": "#0"},
				"up": {"uv": [4.75, 9.25, 4.5, 8.5], "texture": "#0"},
				"down": {"uv": [5, 8.5, 4.75, 9.25], "texture": "#0"}
			}
		}
	],
	"display": {
		"thirdperson_righthand": {
			"translation": [0, 0, 2.25],
			"scale": [0.7, 0.7, 0.7]
		},
		"thirdperson_lefthand": {
			"translation": [0, 0, 2.25],
			"scale": [0.7, 0.7, 0.7]
		},
		"firstperson_righthand": {
			"translation": [-0.25, 1, 0],
			"scale": [0.5, 0.5, 0.5]
		},
		"firstperson_lefthand": {
			"translation": [-0.25, 1, 0],
			"scale": [0.5, 0.5, 0.5]
		},
		"ground": {
			"rotation": [-90, 0, 0],
			"translation": [0, 1, 7.5],
			"scale": [0.75, 0.75, 0.75]
		},
		"gui": {
			"rotation": [0, 0, -45],
			"translation": [-2.75, -2.75, 0],
			"scale": [0.5, 0.5, 0.5]
		},
		"head": {
			"scale": [0.75, 0.75, 0.75]
		},
		"fixed": {
			"rotation": [0, 0, 45],
			"translation": [4.25, -4.25, 0],
			"scale": [0.7, 0.7, 0.7]
		}
	},
	"groups": [
		{
			"name": "Handle",
			"origin": [8, 8, 8],
			"color": 0,
			"children": [0]
		},
		{
			"name": "Funnel",
			"origin": [8, 8, 8],
			"color": 0,
			"children": [1, 2, 3, 4, 5]
		},
		{
			"name": "SmokeBox",
			"origin": [8, 8, 8],
			"color": 0,
			"children": [6, 7, 8, 9, 10, 11, 12, 13, 14, 15, 16, 17, 18, 19, 20, 21]
		}
	]
}