{
	"credit": "Made with Blockbench",
	"textures": {
		"3": "item/carrot_on_a_stick/void_wand/void",
		"particle": "item/carrot_on_a_stick/void_wand/void"
	},
	"elements": [
		{
			"from": [7, 29, -4.5],
			"to": [9, 31, -2.5],
			"rotation": {"angle": 22.5, "axis": "x", "origin": [0, 0, 0]},
			"faces": {
				"north": {"uv": [0, 0, 2, 2], "texture": "#3"},
				"east": {"uv": [0, 0, 2, 2], "texture": "#3"},
				"south": {"uv": [0, 0, 2, 2], "texture": "#3"},
				"west": {"uv": [0, 0, 2, 2], "texture": "#3"},
				"up": {"uv": [2, 2, 0, 0], "texture": "#3"},
				"down": {"uv": [2, 0, 0, 2], "texture": "#3"}
			}
		}
	],
	"display": {
		"thirdperson_righthand": {
			"translation": [0, -21, 1.5]
		},
		"thirdperson_lefthand": {
			"translation": [0, -21, 1.5]
		},
		"firstperson_righthand": {
			"rotation": [-8, 0, 0],
			"translation": [2, -7.25, 0],
			"scale": [0.5, 0.5, 0.5]
		},
		"firstperson_lefthand": {
			"rotation": [-8, 0, 0],
			"translation": [2, -7.25, 0],
			"scale": [0.5, 0.5, 0.5]
		},
		"ground": {
			"rotation": [0, 0, 90],
			"translation": [20.75, -3, 0]
		},
		"gui": {
			"rotation": [0, 90, 0],
			"translation": [-0.5, -62.5, 0],
			"scale": [3, 3, 3]
		},
		"head": {
			"translation": [0, -76.25, 0],
			"scale": [4, 4, 4]
		},
		"fixed": {
			"rotation": [0, 90, 0],
			"translation": [-1.25, -63, -2.25],
			"scale": [3, 3, 3]
		}
	},
	"groups": [
		{
			"name": "Void",
			"origin": [8, 8, 8],
			"color": 0,
			"children": [0]
		}
	]
}