{
	"credit": "Made with Blockbench",
	"textures": {
		"3": "item/carrot_on_a_stick/water_wand/water",
		"particle": "item/carrot_on_a_stick/water_wand/water"
	},
	"elements": [
		{
			"from": [7, 27, 8],
			"to": [9, 32, 9],
			"faces": {
				"north": {"uv": [0, 0, 2, 5], "texture": "#3"},
				"east": {"uv": [0, 0, 1, 5], "texture": "#3"},
				"south": {"uv": [0, 0, 2, 5], "texture": "#3"},
				"west": {"uv": [0, 0, 1, 5], "texture": "#3"},
				"up": {"uv": [2, 1, 0, 0], "texture": "#3"},
				"down": {"uv": [2, 0, 0, 1], "texture": "#3"}
			}
		},
		{
			"from": [7, 27, 7],
			"to": [9, 31, 8],
			"faces": {
				"north": {"uv": [0, 0, 2, 4], "texture": "#3"},
				"east": {"uv": [0, 0, 1, 4], "texture": "#3"},
				"south": {"uv": [0, 0, 2, 4], "texture": "#3"},
				"west": {"uv": [0, 0, 1, 4], "texture": "#3"},
				"up": {"uv": [2, 1, 0, 0], "texture": "#3"},
				"down": {"uv": [2, 0, 0, 1], "texture": "#3"}
			}
		},
		{
			"from": [7, 27, 9],
			"to": [9, 31, 10],
			"faces": {
				"north": {"uv": [0, 0, 2, 4], "texture": "#3"},
				"east": {"uv": [0, 0, 1, 4], "texture": "#3"},
				"south": {"uv": [0, 0, 2, 4], "texture": "#3"},
				"west": {"uv": [0, 0, 1, 4], "texture": "#3"},
				"up": {"uv": [2, 1, 0, 0], "texture": "#3"},
				"down": {"uv": [2, 0, 0, 1], "texture": "#3"}
			}
		},
		{
			"from": [7, 28, 10],
			"to": [9, 30, 11],
			"faces": {
				"north": {"uv": [0, 0, 2, 2], "texture": "#3"},
				"east": {"uv": [0, 0, 1, 2], "texture": "#3"},
				"south": {"uv": [0, 0, 2, 2], "texture": "#3"},
				"west": {"uv": [0, 0, 1, 2], "texture": "#3"},
				"up": {"uv": [2, 1, 0, 0], "texture": "#3"},
				"down": {"uv": [2, 0, 0, 1], "texture": "#3"}
			}
		},
		{
			"from": [7, 28, 6],
			"to": [9, 30, 7],
			"faces": {
				"north": {"uv": [0, 0, 2, 2], "texture": "#3"},
				"east": {"uv": [0, 0, 1, 2], "texture": "#3"},
				"south": {"uv": [0, 0, 2, 2], "texture": "#3"},
				"west": {"uv": [0, 0, 1, 2], "texture": "#3"},
				"up": {"uv": [2, 1, 0, 0], "texture": "#3"},
				"down": {"uv": [2, 0, 0, 1], "texture": "#3"}
			}
		},
		{
			"from": [9, 28, 8],
			"to": [10, 31, 9],
			"faces": {
				"north": {"uv": [0, 0, 1, 3], "texture": "#3"},
				"east": {"uv": [0, 0, 1, 3], "texture": "#3"},
				"south": {"uv": [0, 0, 1, 3], "texture": "#3"},
				"west": {"uv": [0, 0, 1, 3], "texture": "#3"},
				"up": {"uv": [1, 1, 0, 0], "texture": "#3"},
				"down": {"uv": [1, 0, 0, 1], "texture": "#3"}
			}
		},
		{
			"from": [6, 28, 8],
			"to": [7, 31, 9],
			"faces": {
				"north": {"uv": [0, 0, 1, 3], "texture": "#3"},
				"east": {"uv": [0, 0, 1, 3], "texture": "#3"},
				"south": {"uv": [0, 0, 1, 3], "texture": "#3"},
				"west": {"uv": [0, 0, 1, 3], "texture": "#3"},
				"up": {"uv": [1, 1, 0, 0], "texture": "#3"},
				"down": {"uv": [1, 0, 0, 1], "texture": "#3"}
			}
		},
		{
			"from": [6, 28, 9],
			"to": [7, 30, 10],
			"faces": {
				"north": {"uv": [0, 0, 1, 2], "texture": "#3"},
				"east": {"uv": [0, 0, 1, 2], "texture": "#3"},
				"south": {"uv": [0, 0, 1, 2], "texture": "#3"},
				"west": {"uv": [0, 0, 1, 2], "texture": "#3"},
				"up": {"uv": [1, 1, 0, 0], "texture": "#3"},
				"down": {"uv": [1, 0, 0, 1], "texture": "#3"}
			}
		},
		{
			"from": [6, 28, 7],
			"to": [7, 30, 8],
			"faces": {
				"north": {"uv": [0, 0, 1, 2], "texture": "#3"},
				"east": {"uv": [0, 0, 1, 2], "texture": "#3"},
				"south": {"uv": [0, 0, 1, 2], "texture": "#3"},
				"west": {"uv": [0, 0, 1, 2], "texture": "#3"},
				"up": {"uv": [1, 1, 0, 0], "texture": "#3"},
				"down": {"uv": [1, 0, 0, 1], "texture": "#3"}
			}
		},
		{
			"from": [9, 28, 7],
			"to": [10, 30, 8],
			"faces": {
				"north": {"uv": [0, 0, 1, 2], "texture": "#3"},
				"east": {"uv": [0, 0, 1, 2], "texture": "#3"},
				"south": {"uv": [0, 0, 1, 2], "texture": "#3"},
				"west": {"uv": [0, 0, 1, 2], "texture": "#3"},
				"up": {"uv": [1, 1, 0, 0], "texture": "#3"},
				"down": {"uv": [1, 0, 0, 1], "texture": "#3"}
			}
		},
		{
			"from": [9, 28, 9],
			"to": [10, 30, 10],
			"faces": {
				"north": {"uv": [0, 0, 1, 2], "texture": "#3"},
				"east": {"uv": [0, 0, 1, 2], "texture": "#3"},
				"south": {"uv": [0, 0, 1, 2], "texture": "#3"},
				"west": {"uv": [0, 0, 1, 2], "texture": "#3"},
				"up": {"uv": [1, 1, 0, 0], "texture": "#3"},
				"down": {"uv": [1, 0, 0, 1], "texture": "#3"}
			}
		}
	],
	"display": {
		"thirdperson_righthand": {
			"translation": [0, -20.5, 1.5]
		},
		"thirdperson_lefthand": {
			"translation": [0, -20.5, 1.5]
		},
		"firstperson_righthand": {
			"rotation": [-8, 0, 0],
			"translation": [2, -20, 0]
		},
		"firstperson_lefthand": {
			"rotation": [-8, 0, 0],
			"translation": [2, -20, 0]
		},
		"ground": {
			"rotation": [0, 0, 90],
			"translation": [21.5, -3, 0]
		},
		"gui": {
			"rotation": [0, 90, 0],
			"translation": [-1, -64.5, 0],
			"scale": [3, 3, 3]
		},
		"head": {
			"translation": [0, -80, -1.25],
			"scale": [4, 4, 4]
		},
		"fixed": {
			"rotation": [0, 90, 0],
			"translation": [-1.75, -63.75, -2.25],
			"scale": [3, 3, 3]
		}
	},
	"groups": [
		{
			"name": "Water",
			"origin": [8, 8, 8],
			"color": 0,
			"children": [0, 1, 2, 3, 4, 5, 6, 7, 8, 9, 10]
		}
	]
}