{
	"credit": "Made with Blockbench",
	"texture_size": [64, 64],
	"textures": {
		"0": "block/pot",
		"particle": "block/pot"
	},
	"elements": [
		{
			"from": [15, 3, 1],
			"to": [16, 16, 15],
			"faces": {
				"north": {"uv": [0.75, 11.5, 1, 14.75], "texture": "#0"},
				"east": {"uv": [8, 0, 11.5, 3.25], "texture": "#0"},
				"south": {"uv": [1, 11.5, 1.25, 14.75], "texture": "#0"},
				"west": {"uv": [8, 3.25, 11.5, 6.5], "texture": "#0"},
				"up": {"uv": [0.25, 15, 0, 11.5], "texture": "#0"},
				"down": {"uv": [11.75, 0, 11.5, 3.5], "texture": "#0"}
			}
		},
		{
			"from": [0, 3, 1],
			"to": [1, 16, 15],
			"faces": {
				"north": {"uv": [1.25, 11.5, 1.5, 14.75], "texture": "#0"},
				"east": {"uv": [8, 6.5, 11.5, 9.75], "texture": "#0"},
				"south": {"uv": [1.5, 11.5, 1.75, 14.75], "texture": "#0"},
				"west": {"uv": [4, 9.75, 7.5, 13], "texture": "#0"},
				"up": {"uv": [0.5, 15, 0.25, 11.5], "texture": "#0"},
				"down": {"uv": [0.75, 11.5, 0.5, 15], "texture": "#0"}
			}
		},
		{
			"from": [0, 3, 15],
			"to": [16, 16, 16],
			"faces": {
				"north": {"uv": [4, 0, 8, 3.25], "texture": "#0"},
				"east": {"uv": [1.75, 11.5, 2, 14.75], "texture": "#0"},
				"south": {"uv": [4, 3.25, 8, 6.5], "texture": "#0"},
				"west": {"uv": [2, 11.5, 2.25, 14.75], "texture": "#0"},
				"up": {"uv": [11.5, 10, 7.5, 9.75], "texture": "#0"},
				"down": {"uv": [11.5, 10, 7.5, 10.25], "texture": "#0"}
			}
		},
		{
			"from": [0, 3, 0],
			"to": [16, 16, 1],
			"faces": {
				"north": {"uv": [4, 6.5, 8, 9.75], "texture": "#0"},
				"east": {"uv": [2.25, 11.5, 2.5, 14.75], "texture": "#0"},
				"south": {"uv": [0, 8, 4, 11.25], "texture": "#0"},
				"west": {"uv": [2.5, 11.5, 2.75, 14.75], "texture": "#0"},
				"up": {"uv": [11.5, 10.5, 7.5, 10.25], "texture": "#0"},
				"down": {"uv": [11.5, 10.5, 7.5, 10.75], "texture": "#0"}
			}
		},
		{
			"from": [0, 2, 0],
			"to": [16, 3, 16],
			"faces": {
				"north": {"uv": [7.5, 10.75, 11.5, 11], "texture": "#0"},
				"east": {"uv": [7.5, 11, 11.5, 11.25], "texture": "#0"},
				"south": {"uv": [0, 11.25, 4, 11.5], "texture": "#0"},
				"west": {"uv": [7.5, 11.25, 11.5, 11.5], "texture": "#0"},
				"up": {"uv": [4, 4, 0, 0], "texture": "#0"},
				"down": {"uv": [4, 4, 0, 8], "texture": "#0"}
			}
		},
		{
			"from": [13, 1, 13],
			"to": [15, 2, 15],
			"faces": {
				"north": {"uv": [9, 11.5, 9.5, 11.75], "texture": "#0"},
				"east": {"uv": [11.5, 9, 12, 9.25], "texture": "#0"},
				"south": {"uv": [11.5, 9.25, 12, 9.5], "texture": "#0"},
				"west": {"uv": [9.5, 11.5, 10, 11.75], "texture": "#0"},
				"up": {"uv": [3.25, 12, 2.75, 11.5], "texture": "#0"},
				"down": {"uv": [3.75, 11.5, 3.25, 12], "texture": "#0"}
			}
		},
		{
			"from": [1, 1, 13],
			"to": [3, 2, 15],
			"faces": {
				"north": {"uv": [11.5, 9.5, 12, 9.75], "texture": "#0"},
				"east": {"uv": [11.5, 9.75, 12, 10], "texture": "#0"},
				"south": {"uv": [10, 11.5, 10.5, 11.75], "texture": "#0"},
				"west": {"uv": [11.5, 10, 12, 10.25], "texture": "#0"},
				"up": {"uv": [12, 4, 11.5, 3.5], "texture": "#0"},
				"down": {"uv": [12, 4, 11.5, 4.5], "texture": "#0"}
			}
		},
		{
			"from": [1, 1, 1],
			"to": [3, 2, 3],
			"faces": {
				"north": {"uv": [11.5, 10.25, 12, 10.5], "texture": "#0"},
				"east": {"uv": [10.5, 11.5, 11, 11.75], "texture": "#0"},
				"south": {"uv": [11.5, 10.5, 12, 10.75], "texture": "#0"},
				"west": {"uv": [11.5, 10.75, 12, 11], "texture": "#0"},
				"up": {"uv": [12, 5, 11.5, 4.5], "texture": "#0"},
				"down": {"uv": [12, 5, 11.5, 5.5], "texture": "#0"}
			}
		},
		{
			"from": [13, 1, 1],
			"to": [15, 2, 3],
			"faces": {
				"north": {"uv": [11, 11.5, 11.5, 11.75], "texture": "#0"},
				"east": {"uv": [11.5, 11, 12, 11.25], "texture": "#0"},
				"south": {"uv": [11.5, 11.25, 12, 11.5], "texture": "#0"},
				"west": {"uv": [11.5, 11.5, 12, 11.75], "texture": "#0"},
				"up": {"uv": [12, 6, 11.5, 5.5], "texture": "#0"},
				"down": {"uv": [12, 6, 11.5, 6.5], "texture": "#0"}
			}
		},
		{
			"from": [14, 0, 0],
			"to": [16, 1, 2],
			"faces": {
				"north": {"uv": [11.75, 0, 12.25, 0.25], "texture": "#0"},
				"east": {"uv": [11.75, 0.25, 12.25, 0.5], "texture": "#0"},
				"south": {"uv": [11.75, 0.5, 12.25, 0.75], "texture": "#0"},
				"west": {"uv": [11.75, 0.75, 12.25, 1], "texture": "#0"},
				"up": {"uv": [12, 7, 11.5, 6.5], "texture": "#0"},
				"down": {"uv": [12, 7, 11.5, 7.5], "texture": "#0"}
			}
		},
		{
			"from": [14, 0, 14],
			"to": [16, 1, 16],
			"faces": {
				"north": {"uv": [11.75, 1, 12.25, 1.25], "texture": "#0"},
				"east": {"uv": [11.75, 1.25, 12.25, 1.5], "texture": "#0"},
				"south": {"uv": [11.75, 1.5, 12.25, 1.75], "texture": "#0"},
				"west": {"uv": [11.75, 1.75, 12.25, 2], "texture": "#0"},
				"up": {"uv": [8, 12, 7.5, 11.5], "texture": "#0"},
				"down": {"uv": [12, 7.5, 11.5, 8], "texture": "#0"}
			}
		},
		{
			"from": [0, 0, 14],
			"to": [2, 1, 16],
			"faces": {
				"north": {"uv": [11.75, 2, 12.25, 2.25], "texture": "#0"},
				"east": {"uv": [11.75, 2.25, 12.25, 2.5], "texture": "#0"},
				"south": {"uv": [11.75, 2.5, 12.25, 2.75], "texture": "#0"},
				"west": {"uv": [11.75, 2.75, 12.25, 3], "texture": "#0"},
				"up": {"uv": [8.5, 12, 8, 11.5], "texture": "#0"},
				"down": {"uv": [12, 8, 11.5, 8.5], "texture": "#0"}
			}
		},
		{
			"from": [0, 0, 0],
			"to": [2, 1, 2],
			"faces": {
				"north": {"uv": [11.75, 3, 12.25, 3.25], "texture": "#0"},
				"east": {"uv": [11.75, 3.25, 12.25, 3.5], "texture": "#0"},
				"south": {"uv": [9, 11.75, 9.5, 12], "texture": "#0"},
				"west": {"uv": [9.5, 11.75, 10, 12], "texture": "#0"},
				"up": {"uv": [9, 12, 8.5, 11.5], "texture": "#0"},
				"down": {"uv": [12, 8.5, 11.5, 9], "texture": "#0"}
			}
		}
	],
	"display": {
		"thirdperson_righthand": {
			"translation": [0, 2.75, 0],
			"scale": [0.5, 0.5, 0.5]
		},
		"thirdperson_lefthand": {
			"translation": [0, 2.75, 0],
			"scale": [0.5, 0.5, 0.5]
		},
		"firstperson_righthand": {
			"scale": [0.5, 0.5, 0.5]
		},
		"firstperson_lefthand": {
			"scale": [0.5, 0.5, 0.5]
		},
		"ground": {
			"translation": [0, 0.5, 0],
			"scale": [0.5, 0.5, 0.5]
		},
		"gui": {
			"rotation": [45, 45, 0],
			"translation": [0.25, 0, 0],
			"scale": [0.5, 0.5, 0.5]
		},
		"fixed": {
			"rotation": [-90, 0, 0],
			"translation": [0, 0, -15],
			"scale": [2, 2, 2]
		}
	},
	"groups": [
		{
			"name": "pot",
			"origin": [0, 0, 0],
			"color": 0,
			"children": [0, 1, 2, 3, 4, 5, 6, 7, 8, 9, 10, 11, 12]
		}
	]
}