{
	"credit": "Made with Blockbench",
	"textures": {
		"0": "block/end_enchanter_main",
		"1": "block/end_enchanter_rod",
		"particle": "block/end_enchanter_main"
	},
	"elements": [
		{
			"from": [0, 0, 0],
			"to": [16, 10, 16],
			"faces": {
				"north": {"uv": [4, 0, 8, 2.5], "texture": "#0"},
				"east": {"uv": [4, 0, 8, 2.5], "texture": "#0"},
				"south": {"uv": [4, 0, 8, 2.5], "texture": "#0"},
				"west": {"uv": [4, 0, 8, 2.5], "texture": "#0"},
				"up": {"uv": [4, 4, 0, 0], "texture": "#0"},
				"down": {"uv": [4, 4, 0, 8], "texture": "#0"}
			}
		},
		{
			"from": [7, 6, 20],
			"to": [9, 10, 21],
			"rotation": {"angle": -22.5, "axis": "x", "origin": [0, 0, 0]},
			"faces": {
				"north": {"uv": [0, 0, 2, 4], "texture": "#1"},
				"east": {"uv": [0, 4, 1, 8], "texture": "#1"},
				"south": {"uv": [2, 0, 4, 4], "texture": "#1"},
				"west": {"uv": [4, 0, 5, 4], "texture": "#1"},
				"up": {"uv": [3, 5, 1, 4], "texture": "#1"},
				"down": {"uv": [5, 4, 3, 5], "texture": "#1"}
			}
		},
		{
			"from": [7, 14, 10],
			"to": [9, 18, 11],
			"rotation": {"angle": 22.5, "axis": "x", "origin": [0, 0, 0]},
			"faces": {
				"north": {"uv": [0, 0, 2, 4], "texture": "#1"},
				"east": {"uv": [0, 4, 1, 8], "texture": "#1"},
				"south": {"uv": [2, 0, 4, 4], "texture": "#1"},
				"west": {"uv": [4, 0, 5, 4], "texture": "#1"},
				"up": {"uv": [1, 4, 3, 5], "texture": "#1"},
				"down": {"uv": [3, 4, 5, 5], "texture": "#1"}
			}
		},
		{
			"from": [7, 12.5, -6],
			"to": [9, 16.5, -5],
			"rotation": {"angle": 22.5, "axis": "x", "origin": [0, 0, 0]},
			"faces": {
				"north": {"uv": [0, 0, 2, 4], "texture": "#1"},
				"east": {"uv": [0, 4, 1, 8], "texture": "#1"},
				"south": {"uv": [2, 0, 4, 4], "texture": "#1"},
				"west": {"uv": [4, 0, 5, 4], "texture": "#1"},
				"up": {"uv": [1, 4, 3, 5], "texture": "#1"},
				"down": {"uv": [3, 4, 5, 5], "texture": "#1"}
			}
		},
		{
			"from": [7, 8, 4],
			"to": [9, 12, 5],
			"rotation": {"angle": -22.5, "axis": "x", "origin": [0, 0, 0]},
			"faces": {
				"north": {"uv": [0, 0, 2, 4], "texture": "#1"},
				"east": {"uv": [0, 4, 1, 8], "texture": "#1"},
				"south": {"uv": [2, 0, 4, 4], "texture": "#1"},
				"west": {"uv": [4, 0, 5, 4], "texture": "#1"},
				"up": {"uv": [1, 4, 3, 5], "texture": "#1"},
				"down": {"uv": [3, 4, 5, 5], "texture": "#1"}
			}
		}
	],
	"display": {
		"thirdperson_righthand": {
			"scale": [0.5, 0.5, 0.5]
		},
		"thirdperson_lefthand": {
			"scale": [0.5, 0.5, 0.5]
		},
		"firstperson_righthand": {
			"scale": [0.75, 0.75, 0.75]
		},
		"firstperson_lefthand": {
			"scale": [0.75, 0.75, 0.75]
		},
		"ground": {
			"translation": [0, 0.75, 0],
			"scale": [0.5, 0.5, 0.5]
		},
		"gui": {
			"rotation": [45, 90, 0],
			"translation": [0, 0.75, 0],
			"scale": [0.6, 0.6, 0.6]
		},
		"head": {
			"rotation": [-180, 90, 0],
			"translation": [0, 9, 0]
		},
		"fixed": {
			"rotation": [-90, 90, 0],
			"translation": [0, 0, -15],
			"scale": [2, 2, 2]
		}
	},
	"groups": [
		{
			"name": "main",
			"origin": [8, 8, 8],
			"color": 0,
			"children": [0]
		},
		{
			"name": "cool",
			"origin": [0, 0, 0],
			"color": 0,
			"children": [1, 2, 3, 4]
		}
	]
}